PSA,PSA Code,Street,City,State,Zip,Address_Unformatted,Latitude,Longitude,Address,confidence,confidence_city_level,confidence_street_level
Academic and Career Education Academy,56903,884 E Isabella Rd,Midland,MI,48640,"884 E Isabella Rd, Midland, MI 48640",43.611866,-84.335175,"884 East Isabella Road, Midland, MI 48640, United States of America",1,1,1
Academic Transitional Academy,74908,1520 Michigan Rd,Port Huron,MI,48060,"1520 Michigan Rd, Port Huron, MI 48060",42.95172494,-82.48177247,"1520 Michigan Road, Tappan, MI 48060, United States of America",1,1,1
Academy for Business and Technology,82921,19625 Wood St,Melvindale,MI,48122,"19625 Wood St, Melvindale, MI 48122",42.27494627,-83.19616575,"19625 Wood Street, Melvindale, MI 48122, United States of America",1,1,1
Academy for Business and Technology,82921,5277 Calhoun St,Dearborn,MI,48126,"5277 Calhoun St, Dearborn, MI 48126",42.32635881,-83.17497918,"5277 Calhoun Street, Dearborn, MI 48126, United States of America",1,1,1
Academy for Technology and Enterprise,73903,2102 Weiss Street,Saginaw,MI,48602,"2102 Weiss Street, Saginaw, MI 48602",43.44375904,-83.96786906,"2102 Weiss Street, Saginaw, MI 48602, United States of America",1,1,1
Academy of Flint,25908,Po Box 310716,Flint,MI,48531,"Po Box 310716, Flint, MI 48531",43.0161693,-83.6900211,"Flint, MI, United States of America",1,1,
Academy of Health and Science,41912,1710 Woodworth Street Ne,Grand Rapids,MI,49525,"1710 Woodworth Street Ne, Grand Rapids, MI 49525",43.03551049,-85.62754558,"1710 Woodworth Street Northeast, Plainfield Charter Township, MI 49525, United States of America",1,1,1
Academy of Inkster,82961,28500 Avondale St,Inkster,MI,48141,"28500 Avondale St, Inkster, MI 48141",42.293488,-83.314827,"Inkster (Inkster), MI 48141, United States of America",0.25,1,
Academy of International Studies,82738,3056 Hanley St,Hamtramck,MI,48212,"3056 Hanley St, Hamtramck, MI 48212",42.39328932,-83.05232143,"3056 Hanley Street, Hamtramck, MI 48212, United States of America",1,1,1
Academy of Michigan,63908,20820 Greenfield,Oak Park,MI,48237,"20820 Greenfield, Oak Park, MI 48237",42.446829,-83.199343,"20820 Greenfield Road, Oak Park, MI 48237, United States of America",0.9,1,0.9
Academy of Oak Park,63902,20820 Greenfield Rd,Oak Park,MI,48237,"21700 Marlow St, Oak Park, MI 48237",42.454112,-83.195627,"20820 Greenfield Rd, Oak Park, MI 48237, United States of America",1,1,1
Academy of Southfield,63903,18330 George Washington Dr,Southfield,MI,48075,"18330 George Washington Dr, Southfield, MI 48075",42.47156962,-83.22385884,"18330 George Washington Drive, Southfield, MI 48075, United States of America",1,1,1
Academy of Warren,50911,13943 E 8 Mile Rd,Warren,MI,48089,"13943 E 8 Mile Rd, Warren, MI 48089",42.44976507,-82.98189825,"13943 East 8 Mile Road, Warren, MI 48089, United States of America",1,1,1
Academy of Waterford,63916,3000 Sashabaw Rd,Waterford,MI,48329,"3000 Sashabaw Rd, Waterford, MI 48329",42.68309227,-83.3736549,"3000 Sashabaw Road, Waterford Township, MI 48329, United States of America",1,1,1
ACE Academy (SDA),82998,330 Glendale St,Highland Park,MI,48203,"330 Glendale St, Highland Park, MI 48203",42.404236,-83.096018,"Highland Park (Highland Park), MI, United States of America",0.25,1,
Achieve Charter Academy,82717,3250 Denton Rd,Canton,MI,48188,"3250 Denton Rd, Canton, MI 48188",42.28200123,-83.52517557,"3250 Denton Road, Canton Township, MI 48188, United States of America",1,1,1
Advanced Technology Academy,63914,4801 Oakman Blvd,Dearborn,MI,48126,"4801 Oakman Blvd, Dearborn, MI 48126",42.3224688,-83.16824981,"Advanced Technology Academy, 4801 Oakman Boulevard, Dearborn, MI 48126, United States of America",1,1,1
AGBU Alex-Marie Manoogian School,63901,22001 Northwe#rn Hwy,Southfield,MI,48075,"22001 Northwe#rn Hwy, Southfield, MI 48075",42.462064,-83.230398,"Southfield (Southfield), MI 48075, United States of America",0.25,1,
Aisha Shule/WEB Dubois Prep. Academy School,82903,20119 Wisconsin St,Detroit,MI,48221,"20119 Wisconsin St, Detroit, MI 48221",42.44142865,-83.15840476,"20119 Wisconsin Street, Detroit, MI 48221, United States of America",1,1,1
Allen Academy,82955,8666 Quincy St,Detroit,MI,48204,"8666 Quincy St, Detroit, MI 48204",42.36438135,-83.11960976,"8666 Quincy Street, Detroit, MI 48204, United States of America",1,1,1
Allen Academy,82955,14595 Heyden,Detroit,MI,48223,"14595 Heyden, Detroit, MI 48223",42.394834,-83.23960047,"New St. Paul Head Start, 14595 Heyden Street, Detroit, MI 48223, United States of America",0.9,1,0.9
Alternative Educational Academy of Iosco County,35902,40 W M 55,Tawas City,MI,48763,"40 W M 55, Tawas City, MI 48763",44.2798297,-83.5196843,"M 55 East, Tawas City, MI 48764, United States of America",0.483,1,0.81
Alternative Educational Academy of Ogemaw County,65900,2479 S M 76,West Branch,MI,48661,"2479 S M 76, West Branch, MI 48661",44.2629473,-84.21460913,"Alternative Educational Academy of Ogemaw County, 2479 South M-76, West Branch Township, MI 48661, United States of America",1,1,1
Alternative Path Academy,25913,5306 North St,Flint,MI,48505,"5306 North St, Flint, MI 48505",43.06208071,-83.6905098,"5306 North Street, Flint, MI 48505, United States of America",1,1,1
American International Academy,82730,300 S Henry Ruff Rd,Westland,MI,48186,"300 S Henry Ruff Rd, Westland, MI 48186",42.308373,-83.341915,"300 South Henry Ruff, Inkster, MI 48141, United States of America",0.9,1,0.9
American Montessori Academy,82981,14800 Middlebelt Rd,Livonia,MI,48154,"14800 Middlebelt Rd, Livonia, MI 48154",42.39298892,-83.33411247,"14800 Middlebelt Road, Livonia, MI 48154, United States of America",1,1,1
American Montessori Academy,82981,30055 Joy Rd,Westland,MI,48185,"30055 Joy Rd, Westland, MI 48185",42.35446745,-83.33928369,"30055 Joy Road, Livonia, MI 48185, United States of America",1,1,1
Andrew Young Early College Academy,82753,8100 West Davison,Detroit,MI,48238,"8100 West Davison, Detroit, MI 48238",42.387448,-83.150006,"8100 W Davison, Detroit, MI 48238, United States of America",1,1,1
Ann Arbor Learning Community,81904,4377 Textile Rd,Ypsilanti,MI,48197,"4377 Textile Rd, Ypsilanti, MI 48197",42.20134102,-83.67247535,"4377 Textile Road, Pittsfield Charter Township, MI 48197, United States of America",1,1,1
Applied Technology Academy,82952,4801 Oakman,Dearborn,MI,48126,"4801 Oakman, Dearborn, MI 48126",42.3224688,-83.16824981,"Advanced Technology Academy, 4801 Oakman Boulevard, Dearborn, MI 48126, United States of America",0.9,1,0.9
Arbor Academy,13901,55 Arbor St,Battle Creek,MI,49015,"55 Arbor St, Battle Creek, MI 49015",42.30264512,-85.21396743,"55 Arbor Street, Battle Creek, MI 49015, United States of America",1,1,1
Arbor Preparatory High School,81909,6800 Hitchingham Rd,Ypsilanti,MI,48197,"6800 Hitchingham Rd, Ypsilanti, MI 48197",42.18924866,-83.6207097,"6800 Hitchingham Road, Ypsilanti Charter Township, MI 48197, United States of America",1,1,1
Arts Academy in the Woods,50905,32101 Caroline,Fraser,MI,48026,"32101 Caroline, Fraser, MI 48026",42.532412,-82.951935,"32101 Caroline, Fraser, MI 48026, United States of America",1,1,1
Arts and Technology Academy of Pontiac,63915,888 Enterprise Dr,Pontiac,MI,48341,"888 Enterprise Dr, Pontiac, MI 48341",42.62003042,-83.25093706,"888 Enterprise Drive, Pontiac, MI 48341, United States of America",1,1,1
Augusta Academy,39909,600 West Michigan,Augusta,MI,49012,"600 West Michigan, Augusta, MI 49012",42.33518225,-85.35873545,"Child Development Center, 600 West Michigan Avenue, Augusta, MI 49012, United States of America",0.9,1,0.9
Barack Obama Leadership Academy,82933,10800 E Canfield St,Detroit,MI,48214,"10800 E Canfield St, Detroit, MI 48214",42.38066185,-82.98585536,"10800 East Canfield Street, Detroit, MI 48214, United States of America",1,1,1
Battle Creek Area Learning Center,13904,765 Upton Ave,Springfield,MI,49037,"765 Upton Ave, Springfield, MI 49037",42.32233379,-85.22511525,"765 Upton Avenue, Springfield, MI 49037, United States of America",1,1,1
Battle Creek Montessori Academy,13900,399 20th St N,Springfield,MI,49037,"399 20th St N, Springfield, MI 49037",42.321223,-85.220761,"399 North 20th Street, Battle Creek, MI 49037, United States of America",0,1,
Bay City Academy,9903,301 N Farragut St,Bay City,MI,48708,"301 N Farragut St, Bay City, MI 48708",43.592511,-83.879847,"301 North Farragut Street, Bay City, MI 48708, United States of America",1,1,1
Bay-Arenac Community High School,9901,805 Langstaff St,Essexville,MI,48732,"805 Langstaff St, Essexville, MI 48732",43.61200741,-83.83954963,"805 Langstaff Street, Essexville, MI 48732, United States of America",1,1,1
Beacon International Academy,82954,1021 Clairpointe,Detroit,MI,48215,"1021 Clairpointe, Detroit, MI 48215",42.3663803,-82.9590324,"1021 Clairpointe Street, Detroit, MI 48215, United States of America",0.9,1,0.9
Ben Ross Public School Academy,50910,8525 Cole Dr,Warren,MI,48093,"8525 Cole Dr, Warren, MI 48093",42.50879714,-83.01964496,"8525 Cole Drive, Warren, MI 48093, United States of America",1,1,1
Benito Juarez Academy,73904,3830 Lamson Street,Saginaw,MI,48601,"3830 Lamson Street, Saginaw, MI 48601",43.40467797,-83.91438845,"3830 Lamson Street, Saginaw, MI 48601, United States of America",1,1,1
Benjamin Carson Academy,82934,1326 ST. Antoine,Detroit,MI,48226,"1326 ST. Antoine, Detroit, MI 48226",42.336983,-83.040822,"1326 Saint Antoine Street, Detroit, MI 48226, United States of America",1,1,1
Benton Harbor Charter School Academy,11903,455 Riverview Dr,Benton Harbor,MI,49022,"455 Riverview Dr, Benton Harbor, MI 49022",42.10975096,-86.46512961,"455 Riverview Drive, Benton Harbor, MI 49022, United States of America",1,1,1
Bingham Arts Academy,4901,555 S Fifth Ave,Alpena,MI,49707,"555 S Fifth Ave, Alpena, MI 49707",45.06253875,-83.44194036,"Bingham School, 555 South 5th Avenue, Alpena, MI 49707, United States of America",0.4,1,0.4
Black River Public School,70904,491 Columbia Ave,Holland,MI,49423,"491 Columbia Ave, Holland, MI 49423",42.779352,-86.100121,"491 Columbia Avenue, Holland, MI 49423, United States of America",1,1,1
Blanche Kelso Bruce Academy,82971,8045 2nd Ave,Detroit,MI,48202,"8045 2nd Ave, Detroit, MI 48202",42.37363925,-83.07974895,"8045 2nd Avenue, Detroit, MI 48202, United States of America",1,1,1
Blended Learning Academies Credit Recovery High School,33915,1754 E Clark Rd,Lansing,MI,48906,"1754 E Clark Rd, Lansing, MI 48906",42.81301625,-84.52794761,"1754 East Clark Road, DeWitt Charter Township, MI 48906, United States of America",1,1,1
Blue Water Learning Academy,74906,9541 Phelps,Algonac,MI,48001,"9541 Phelps, Algonac, MI 48001",42.627836,-82.585253,"9541 Phelps Road, Algonac, MI 48001, United States of America",0.9,1,0.9
Blue Water Middle College,74914,323 Erie St,Port Huron,MI,48060,"323 Erie St, Port Huron, MI 48060",42.97805809,-82.42743095,"323 Erie Street, Port Huron, MI 48060, United States of America",1,1,1
Bradford Academy,63917,24218 Garner St,Southfield,MI,48033,"24218 Garner St, Southfield, MI 48033",42.46283591,-83.28169687,"24218 Garner Street, Southfield, MI 48033, United States of America",1,1,1
Branch Line School,82705,16360 Hubbard St,Livonia,MI,48154,"16360 Hubbard St, Livonia, MI 48154",42.40707642,-83.36415969,"16360 Hubbard, Livonia, MI 48154, United States of America",0.9,1,0.9
Bridge Academy,82983,3105 Carpenter St,Detroit,MI,48212,"3105 Carpenter St, Detroit, MI 48212",42.40727222,-83.06197631,"3105 Carpenter Street, Detroit, MI 48212, United States of America",1,1,1
Bridge Academy of Southwest Michigan,11900,499 W Main St,Benton Harbor,MI,49022,"499 W Main St, Benton Harbor, MI 49022",42.11360712,-86.46582411,"499 West Main Street, Benton Harbor, MI 49022, United States of America",1,1,1
Burton Glen Charter Academy,25909,4171 E Atherton Rd,Burton,MI,48519,"4171 E Atherton Rd, Burton, MI 48519",42.98970186,-83.62684986,"4171 East Atherton Road, Burton, MI 48519, United States of America",1,1,1
"Business Entrepreneurship, Science, Tech. Academy",82980,200 Highland St,Highland Park,MI,48203,"200 Highland St, Highland Park, MI 48203",42.395769,-83.098113,"200 Highland Street, Highland Park, MI 48203, United States of America",1,1,1
Byron Center Charter School,41908,9930 Burlingame Ave Sw,Byron Center,MI,49315,"9930 Burlingame Ave Sw, Byron Center, MI 49315",42.78390271,-85.70276371,"9930 Burlingame Avenue Southwest, Byron Center, MI 49315, United States of America",1,1,1
Caniff Liberty Academy,82745,2650 Caniff St,Hamtramck,MI,48212,"2650 Caniff St, Hamtramck, MI 48212",42.39899542,-83.06179701,"2650 Caniff Street, Hamtramck, MI 48212, United States of America",1,1,1
Canton Charter Academy,82968,49100 Ford Rd,Canton,MI,48187,"49100 Ford Rd, Canton, MI 48187",42.32096987,-83.5205118,"49100 Ford Road, Canton Township, MI 48187, United States of America",1,1,1
Canton Preparatory High School,82711,46610 Cherry Hill Rd,Canton,MI,48187,"46610 Cherry Hill Rd, Canton, MI 48187",42.30726098,-83.49776513,"46610 Cherry Hill Road, Canton Township, MI 48187, United States of America",1,1,1
Capital Area Academy,33907,5525 South Pennsylvania Ave,Lansing,MI,48911,"5525 South Pennsylvania Ave, Lansing, MI 48911",42.67757428,-84.53807465,"5525 South Pennsylvania Avenue, Lansing, MI 48910, United States of America",1,1,1
Casa Richard Academy,82902,2635 Howard St,Detroit,MI,48216,"2635 Howard St, Detroit, MI 48216",42.32113763,-83.07624873,"2635 Howard Street, Detroit, MI 48216, United States of America",1,1,1
Casman Alternative Academy,51903,225 9th St,Manistee,MI,49660,"225 9th St, Manistee, MI 49660",44.237076,-86.311718,"225 9th Street, Manistee, MI 49660, United States of America",1,1,1
Catherine Ferguson Academy,82708,2750 Selden St,Detroit,MI,48208,"2750 Selden St, Detroit, MI 48208",42.34020249,-83.0891587,"2750 Selden Street, Detroit, MI 48208, United States of America",1,1,1
Center Academy,25906,310 West Oakley St,Flint,MI,48503,"310 West Oakley St, Flint, MI 48503",42.99710172,-83.68084336,"310 West Oakley Street, Flint, MI 48503, United States of America",1,1,1
Center for Literacy and Creativity,82949,18401 West Mcnichols Rd,Detroit,MI,48219,"18401 West Mcnichols Rd, Detroit, MI 48219",42.41523955,-83.22326216,"18401 West McNichols Road, Detroit, MI 48219, United States of America",1,1,1
Center Line Preparatory Academy,50918,8155 Ritter,Center Line,MI,48015,"8155 Ritter, Center Line, MI 48015",42.4796966,-83.024344,"8155 Ritter Street, Center Line, MI 48015, United States of America",0.9,1,0.9
Central Academy,81902,2459 S Industrial Hwy,Ann Arbor,MI,48104,"2459 S Industrial Hwy, Ann Arbor, MI 48104",42.25199201,-83.73305584,"2459 South Industrial Highway, Ann Arbor, MI 48104, United States of America",1,1,1
Cesar Chavez Academy,82918,4100 Martin St,Detroit,MI,48210,"4100 Martin St, Detroit, MI 48210",42.329004,-83.125845,"4100 Martin Street, Detroit, MI 48210, United States of America",1,1,1
Chandler Park Academy,82923,20100 Kelly Rd,Harper Woods,MI,48225,"20100 Kelly Rd, Harper Woods, MI 48225",42.445464,-82.944586,"20100 Kelly Road, Harper Woods, MI 48225, United States of America",1,1,1
Chandler Woods Charter Academy,41920,6895 Samrick Ave Ne,Belmont,MI,49306,"6895 Samrick Ave Ne, Belmont, MI 49306",43.08684587,-85.62900723,"6895 Samrick Avenue Northeast, Plainfield Charter Township, MI 49306, United States of America",1,1,1
Charlotte Forten Academy,82936,5690 Cecil Street,Detroit,MI,48210,"5690 Cecil Street, Detroit, MI 48210",42.336212,-83.128331,"Detroit (Detroit), MI 48210, United States of America",0.25,1,
Charlton Heston Academy,72901,1350 N Saint Helen Rd,Saint Helen,MI,48656,"1350 N Saint Helen Rd, Saint Helen, MI 48656",44.35320231,-84.41013182,"1350 North Saint Helen Road, St. Helen, MI 48656, United States of America",1,1,1
Charyl Stockwell Academy,47902,9758 E Highland Rd,Howell,MI,48843,"9758 E Highland Rd, Howell, MI 48843",42.629874,-83.759332,"9758 Highland Road, Howell, MI 48843, United States of America",0.9,1,0.9
Chatfield School,44901,231 Lake Dr,Lapeer,MI,48446,"231 Lake Dr, Lapeer, MI 48446",43.0475735,-83.3404559,"231 Lake Drive, Lapeer, MI 48446, United States of America",1,1,1
Cherry Hill School of Performing Arts,82960,28500 Avondale St,Inkster,MI,48141,"28500 Avondale St, Inkster, MI 48141",42.293488,-83.314827,"Inkster (Inkster), MI 48141, United States of America",0.25,1,
Clara B. Ford Academy (SDA),82996,20651 West Warren St,Dearborn Heights,MI,48127,"20651 West Warren St, Dearborn Heights, MI 48127",42.3402474,-83.2438701,"Clara B. Ford Academy, 20651 Whitlock Drive, Dearborn Heights, MI 48127, United States of America",1,1,1
Cole Academy,33901,1915 W Mount Hope Ave,Lansing,MI,48910,"1915 W Mount Hope Ave, Lansing, MI 48910",42.71199571,-84.57787271,"1915 West Mount Hope Avenue, Lansing, MI 48910, United States of America",1,1,1
Colin Powell Academy,82914,4800 Coplin St,Detroit,MI,48215,"4800 Coplin St, Detroit, MI 48215",42.3928416,-82.96317744,"4800 Coplin Street, Detroit, MI 48215, United States of America",1,1,1
Commonwealth Community Development Academy,82919,13477 Eureka St,Detroit,MI,48212,"13477 Eureka St, Detroit, MI 48212",42.4160853,-83.05537729,"13477 Eureka Street, Detroit, MI 48212, United States of America",1,1,1
Commonwealth Community Development Academy,82919,8735 Schoolcraft Street,Detroit,MI,48238,"8735 Schoolcraft Street, Detroit, MI 48238",42.38847049,-83.15647055,"8735 Schoolcraft Street, Detroit, MI 48238, United States of America",1,1,1
Concord Academy - Boyne,15901,401 E Dietz Rd,Boyne City,MI,49712,"401 E Dietz Rd, Boyne City, MI 49712",45.19031784,-84.97244415,"401 East Dietz, Boyne Valley Township, MI 49712, United States of America",0.9,1,0.9
Concord Academy - Petoskey,24901,2468 Atkins Rd,Petoskey,MI,49770,"2468 Atkins Rd, Petoskey, MI 49770",45.36288207,-84.91940076,"2468 Atkins Road, Bear Creek Township, MI 49770, United States of America",1,1,1
Concord Montessori and Community School,5901,5055 Corey Rd,Mancelona,MI,49659,"5055 Corey Rd, Mancelona, MI 49659",44.960193,-84.989241,"5055 Corey Road, Chestonia Township, MI 49659, United States of America",1,1,1
Copper Island Academy,31900,52125 Industrial DR. N.,Calumet,MI,49913,"52125 Industrial DR. N., Calumet, MI 49913",47.247416,-88.454578,"Calumet (Calumet), MI 49913, United States of America",0.25,1,
Cornerstone Health and Technology School,82741,17351 Southfield Road,Detroit,MI,48235,"17351 Southfield Road, Detroit, MI 48235",42.3914334,-83.2176058,"17351 Southfield Road, Detroit, MI, United States of America",1,1,1
Cornerstone Jefferson-Douglass Academy,82760,6861 E Nevada St,Detroit,MI,48234,"6861 E Nevada St, Detroit, MI 48234",42.42664541,-83.03185292,"6861 East Nevada Street, Detroit, MI 48234, United States of America",1,1,1
Countryside Academy,11901,4800 Meadowbrook Rd,Benton Harbor,MI,49022,"4800 Meadowbrook Rd, Benton Harbor, MI 49022",42.07938287,-86.34188488,"4800 Meadowbrook Road, Benton Charter Township, MI 49022, United States of America",1,1,1
Covenant High School Grand Rapids,41900,50 Antoine St Sw,Grand Rapids,MI,49507,"50 Antoine St Sw, Grand Rapids, MI 49507",42.94775729,-85.66902201,"50 Antoine Street Southwest, Grand Rapids, MI 49507, United States of America",1,1,1
Covenant House Academy East,82990,7600 Goethe St,Detroit,MI,48214,"7600 Goethe St, Detroit, MI 48214",42.363642,-83.008118,"7600 Goethe Street, Detroit, MI 48214, United States of America",1,1,1
Covenant House Academy Southwest,82989,1450 25th Street,Detroit,MI,48216,"1450 25th Street, Detroit, MI 48216",42.32056276,-83.0858271,"1450 25th Street, Detroit, MI 48216, United States of America",1,1,1
Covenant Schools Detroit,82991,1450 25th St,Detroit,MI,48216,"1450 25th St, Detroit, MI 48216",42.32056276,-83.0858271,"1450 25th Street, Detroit, MI 48216, United States of America",1,1,1
Creative Learning Academy,26901,540 Lang Rd,Beaverton,MI,48612,"540 Lang Rd, Beaverton, MI 48612",43.8868761,-84.49618664,"540 Lang Road, Beaverton, MI 48612, United States of America",1,1,1
Creative Montessori Academy,82969,12701 Mccann St,Southgate,MI,48195,"12701 Mccann St, Southgate, MI 48195",42.21602067,-83.20974313,"12701 McCann Street, Southgate, MI 48195, United States of America",1,1,1
Creative Technologies Academy,41918,350 Pine St,Cedar Springs,MI,49319,"350 Pine St, Cedar Springs, MI 49319",43.2271468,-85.5597979,"350 West Pine Street Northeast, Cedar Springs, MI, United States of America",0.49,1,0.49
Crescent Academy,63921,17570 W 12 Mile Rd,Southfield,MI,48076,"17570 W 12 Mile Rd, Southfield, MI 48076",42.50261988,-83.21970895,"17570 West 12 Mile Road, Southfield, MI 48076, United States of America",1,1,1
Cross Creek Charter Academy,41916,7701 Kalamazoo Ave Se,Byron Center,MI,49315,"7701 Kalamazoo Ave Se, Byron Center, MI 49315",42.8253069,-85.62601497,"7701 Kalamazoo Avenue Southeast, Caledonia Charter Township, MI 49315, United States of America",1,1,1
Crossroads Charter Academy,54901,215 N State St,Big Rapids,MI,49307,"215 N State St, Big Rapids, MI 49307",43.69996929,-85.48414429,"215 North State Street, Big Rapids, MI 49307, United States of America",1,1,1
Curtis House Academy,73906,6235 Gratiot Road,Saginaw,MI,48603,"6235 Gratiot Road, Saginaw, MI 48603",43.4154755,-84.0381716,"6235 Gratiot Road, Saginaw Charter Township, MI 48638, United States of America",0.9,0.9,0.9
Da Vinci Institute,38901,559 Murphy St,Jackson,MI,49202,"559 Murphy St, Jackson, MI 49202",42.267179,-84.41085,"Jackson (Jackson), MI 49202, United States of America",0.25,1,
Da Vinci Schools,38901,559 Murphy St,Jackson,MI,49202,"559 Murphy St, Jackson, MI 49202",42.267179,-84.41085,"Jackson (Jackson), MI 49202, United States of America",0.25,1,
David Ellis Academy,82947,18977 Schaefer Hwy,Detroit,MI,48235,"18977 Schaefer Hwy, Detroit, MI 48235",42.43000088,-83.18055801,"18977 Schaefer Highway, Detroit, MI 48235, United States of America",1,1,1
David Ellis Academy West,82994,19800 Beech Daly Rd,Redford,MI,48240,"19800 Beech Daly Rd, Redford, MI 48240",42.4349145,-83.29716947,"19800 Beech Daly Road, Redford Township, MI 48240, United States of America",1,1,1
Deer Trail Academy (SDA),63932,810 James Hunt Dr,Oxford,MI,48371,"810 James Hunt Dr, Oxford, MI 48371",42.81515253,-83.23227556,"810 James Hunt Drive, Oxford Charter Township, MI 48371, United States of America",1,1,1
DeTour Arts and Technology Academy,17903,202 Division St,De Tour Village,MI,49725,"202 Division St, De Tour Village, MI 49725",45.99299864,-83.90548375,"202 Division Street, DeTour Village, MI 49725, United States of America",1,1,1
Detroit Academy of Arts and Sciences,82929,2985 E Jefferson Ave,Detroit,MI,48207,"2985 E Jefferson Ave, Detroit, MI 48207",42.33991064,-83.01899082,"2985 East Jefferson Avenue, Detroit, MI 48207, United States of America",1,1,1
Detroit Achievement Academy,82700,7000 W Outer Dr,Detroit,MI,48235,"7000 W Outer Dr, Detroit, MI 48235",42.419747,-83.199628,"7000 West Outer Drive, Detroit, MI 48235, United States of America",1,1,1
Detroit Advantage Academy,82966,9881 Mendota Street,Detroit,MI,48204,"9881 Mendota Street, Detroit, MI 48204",42.3687321,-83.16451824,"9881 Mendota Street, Detroit, MI 48204, United States of America",1,1,1
Detroit Collegiate High School,82764,3100 Elmwood St,Detroit,MI,48207,"3100 Elmwood St, Detroit, MI 48207",42.356493,-83.025479,"3100 Elmwood Street, Detroit, MI 48207, United States of America",1,1,1
Detroit Community Schools,82925,12675 Burt Rd,Detroit,MI,48223,"12675 Burt Rd, Detroit, MI 48223",42.38010728,-83.24655032,"12675 Burt Road, Detroit, MI 48223, United States of America",1,1,1
Detroit Delta Preparatory Academy for Social Justice,82714,3550 John C Lodge Fwy,Detroit,MI,48201,"3550 John C Lodge Fwy, Detroit, MI 48201",42.34368935,-83.06853101,"3550 John C Lodge Freeway, Detroit, MI 48201, United States of America",1,1,1
Detroit Edison Public School Academy,82945,1903 Wilkins St,Detroit,MI,48207,"1903 Wilkins St, Detroit, MI 48207",42.3529801,-83.03777257,"1903 Wilkins Street, Detroit, MI 48207, United States of America",1,1,1
Detroit Enterprise Academy,82979,11224 Kercheval St,Detroit,MI,48214,"11224 Kercheval St, Detroit, MI 48214",42.3689149,-82.97315378,"11224 Kercheval Street, Detroit, MI 48214, United States of America",1,1,1
Detroit Innovation Academy,82739,18211 Plymouth Rd,Detroit,MI,48228,"18211 Plymouth Rd, Detroit, MI 48228",42.37214596,-83.2182748,"18211 Plymouth Road, Detroit, MI 48228, United States of America",1,1,1
Detroit Leadership Academy,82722,13550 Virgil St,Detroit,MI,48223,"13550 Virgil St, Detroit, MI 48223",42.38396769,-83.27094813,"13550 Virgil Street, Detroit, MI 48223, United States of America",1,1,1
Detroit Merit Charter Academy,82974,1091 Alter Rd,Detroit,MI,48215,"1091 Alter Rd, Detroit, MI 48215",42.37546491,-82.94004527,"1091 Alter Road, Detroit, MI 48215, United States of America",1,1,1
Detroit Midtown Academy,82964,950 Selden St,Detroit,MI,48201,"950 Selden St, Detroit, MI 48201",42.34630902,-83.06833806,"950 Selden Street, Detroit, MI 48201, United States of America",1,1,1
Detroit Premier Academy,82985,7781 Asbury Park,Detroit,MI,48228,"7781 Asbury Park, Detroit, MI 48228",42.34901156,-83.20600204,"7781 Asbury Park, Detroit, MI 48228, United States of America",1,1,1
Detroit Prep,82761,2411 Iroquois,Detroit,MI,48214,"2411 Iroquois, Detroit, MI 48214",42.362251,-82.997891,"2411 Iroquois, Detroit, MI 48214, United States of America",1,1,1
Detroit Public Safety Academy,82704,1250 Rosa Parks Blvd,Detroit,MI,48216,"1250 Rosa Parks Blvd, Detroit, MI 48216",42.3251629,-83.06735949,"1250 Rosa Parks Boulevard, Detroit, MI 48216, United States of America",1,1,1
Detroit Service Learning Academy,82953,21605 W 7 Mile Rd,Detroit,MI,48219,"21605 W 7 Mile Rd, Detroit, MI 48219",42.42908422,-83.25614027,"21605 West 7 Mile Road, Detroit, MI 48219, United States of America",1,1,1
Discovery Arts and Technology PSA,82988,27355 Woodsfield St,Inkster,MI,48141,"27355 Woodsfield St, Inkster, MI 48141",42.30740127,-83.30973833,"27355 Woodsfield, Inkster, MI 48141, United States of America",0.9,1,0.9
Discovery Creative Pathways,82763,19360 Harper Ave,Harper Woods,MI,48225,"19360 Harper Ave, Harper Woods, MI 48225",42.42791518,-82.92551411,"19360 Harper Avenue, Harper Woods, MI 48225, United States of America",1,1,1
Discovery Elementary School,3901,P.O. Box 990,Fennville,MI,49408,"P.O. Box 990, Fennville, MI 49408",42.5941052,-86.1045955,"Fennville, MI, United States of America",1,1,
Dove Academy of Detroit,82930,20001 Wexford St,Detroit,MI,48234,"20001 Wexford St, Detroit, MI 48234",42.44160377,-83.06574214,"20001 Wexford Street, Detroit, MI 48234, United States of America",1,1,1
Dr. Charles Drew Academy,82984,50 West Josephine St,Ecorse,MI,48229,"50 West Josephine St, Ecorse, MI 48229",42.25109894,-83.14392129,"50 West Josephine Street, Ecorse, MI 48229, United States of America",1,1,1
Dr. Joseph F. Pollack Academic Center of Excellence,63910,23777 Southfield Rd,Southfield,MI,48075,"23777 Southfield Rd, Southfield, MI 48075",42.465521,-83.222081,"23777 Southfield Road, Southfield, MI 48075, United States of America",1,1,1
Dream Academy,11905,248 9th St,Benton Harbor,MI,49022,"248 9th St, Benton Harbor, MI 49022",42.11363141,-86.45899076,"248 9th Street, Benton Harbor, MI 49022, United States of America",1,1,1
Drive One Career Technical High School,50919,15900 Common Rd,Roseville,MI,48066,"15900 Common Rd, Roseville, MI 48066",42.51633786,-82.95954277,"15900 Common Road, Roseville, MI 48066, United States of America",1,1,1
Eagle Crest Charter Academy,70906,11950 Riley St,Holland,MI,49424,"11950 Riley St, Holland, MI 49424",42.82654417,-86.07699626,"11950 Riley Street, Zeeland, MI 49424, United States of America",1,1,1
Eagle's Nest Academy,25916,5005 Cloverlawn Dr,Flint,MI,48504,"5005 Cloverlawn Dr, Flint, MI 48504",43.05952918,-83.72964237,"5005 Cloverlawn Drive, Flint, MI 48504, United States of America",1,1,1
Early Career Academy,63936,1522 E Big Beaver Rd,Troy,MI,48083,"1522 E Big Beaver Rd, Troy, MI 48083",42.56258655,-83.11725388,"1522 East Big Beaver Road, Troy, MI 48083, United States of America",1,1,1
East Arbor Charter Academy,81910,6885 Merritt Rd,Ypsilanti,MI,48197,"6885 Merritt Rd, Ypsilanti, MI 48197",42.18736134,-83.62253652,"6885 Merritt Road, Ypsilanti Charter Township, MI 48197, United States of America",1,1,1
East Shore Leadership Academy,74900,1403 7th St,Port Huron,MI,48060,"1403 7th St, Port Huron, MI 48060",42.96928349,-82.4274389,"1403 7th Street, Port Huron, MI 48060, United States of America",1,1,1
Eaton Academy,82915,21450 Universal Ave,Eastpointe,MI,48021,"21450 Universal Ave, Eastpointe, MI 48021",42.45557308,-82.95786424,"21450 Universal Avenue, Eastpointe, MI 48021, United States of America",1,1,1
El-Hajj Malik El-Shabazz Academy,33902,1028 West Barnes Ave,Lansing,MI,48910,"1028 West Barnes Ave, Lansing, MI 48910",42.71487174,-84.56647786,"1028 West Barnes Avenue, Lansing, MI 48910, United States of America",1,1,1
Elbert T. Clark Academy,82920,16151 James Couzens Freeway,Detroit,MI,48221,"16151 James Couzens Freeway, Detroit, MI 48221",42.41025644,-83.16523415,"16151 James Couzens Freeway, Detroit, MI 48221, United States of America",1,1,1
Endeavor Charter Academy,13902,380 Helmer Rd N,Springfield,MI,49037,"380 Helmer Rd N, Springfield, MI 49037",42.32391905,-85.23811783,"Endeavor Charter Academy, 380 North Helmer Road, Springfield, MI 49037, United States of America",0,1,
Endeavor Charter Academy,13902,380 Helmer Rd N,Battle Creek,MI,49037,"380 Helmer Rd N, Battle Creek, MI 49037",42.32391905,-85.23811783,"Endeavor Charter Academy, 380 North Helmer Road, Springfield, MI 49037, United States of America",0,1,
Escuela Avancemos,82744,2635 Howard St,Detroit,MI,48216,"2635 Howard St, Detroit, MI 48216",42.32113763,-83.07624873,"2635 Howard Street, Detroit, MI 48216, United States of America",1,1,1
Evergreen Academy,39908,2121 Hudson Ave,Kalamazoo,MI,49008,"2121 Hudson Ave, Kalamazoo, MI 49008",42.271325,-85.596986,"2121 Hudson Avenue, Kalamazoo, MI 49008, United States of America",1,1,1
Excel Charter Academy,41905,4201 Breton Rd Se,Grand Rapids,MI,49512,"4201 Breton Rd Se, Grand Rapids, MI 49512",42.932323,-85.6096,"Breton Road Southeast, East Grand Rapids, MI 49508, United States of America",0.45,0.9,0.9
Experiencia Preparatory Academy,82707,950 Selden St,Detroit,MI,48201,"950 Selden St, Detroit, MI 48201",42.34630902,-83.06833806,"950 Selden Street, Detroit, MI 48201, United States of America",1,1,1
Explore Academy-Livonia,82774,31100 Plymouth Rd,Livonia,MI,48150,"31100 Plymouth Rd, Livonia, MI 48150",42.3692589,-83.35038704,"31100 Plymouth Road, Livonia, MI 48150, United States of America",1,1,1
Family Institute Early Childhood Academy,39902,505 S. Park Street,Kalamazoo,MI,49007,"505 S. Park Street, Kalamazoo, MI 49007",42.28730636,-85.58732,"505 South Park Street, Kalamazoo, MI 49007, United States of America",1,1,1
Faxon Academy,63926,26275 Northwe#rn Hwy,Southfield,MI,48076,"26275 Northwe#rn Hwy, Southfield, MI 48076",42.497517,-83.230874,"Lathrup Village (Lathrup Village), MI 48076, United States of America",0.25,1,
Flagship Charter Academy,82997,13661 Wisconsin St,Detroit,MI,48238,"13661 Wisconsin St, Detroit, MI 48238",42.38740084,-83.15616176,"13661 Wisconsin Street, Detroit, MI 48238, United States of America",1,1,1
Flat River Academy,41911,9481 Jordan Rd,Greenville,MI,48838,"9481 Jordan Rd, Greenville, MI 48838",43.16063141,-85.26179306,"9481 Jordan Road, Eureka Township, MI 48838, United States of America",1,1,1
Flat River Academy,41911,9481 Jordan Road,Greenville,MI,48838,"9481 Jordan Road, Greenville, MI 48838",43.16063141,-85.26179306,"9481 Jordan Road, Eureka Township, MI 48838, United States of America",1,1,1
Flex High School of Michigan - North Flint,25918,4945 Clio Rd,Flint,MI,48504,"4945 Clio Rd, Flint, MI 48504",43.05772016,-83.73302114,"4945 Clio Road, Flint, MI 48504, United States of America",1,1,1
Flex High School of Pontiac,63920,142 Auburn Ave,Pontiac,MI,48342,"142 Auburn Ave, Pontiac, MI 48342",42.63424597,-83.28407714,"142 Auburn Avenue, Pontiac, MI 48342, United States of America",1,1,1
FlexTech High School,47903,7707 Conference Center Dr,Brighton,MI,48114,"7707 Conference Center Dr, Brighton, MI 48114",42.55185511,-83.79780637,"7707 Conference Center Drive, Genoa Charter Township, MI 48114, United States of America",1,1,1
Flextech High School Shepherd,37900,380 W Blanchard Rd,Shepherd,MI,48883,"380 W Blanchard Rd, Shepherd, MI 48883",43.524384,-84.69253,"Coe Township (Shepherd), MI, United States of America",0.25,1,
Flint Cultural Center Academy,25919,1200 Robert T Longway Blvd,Flint,MI,48503,"1200 Robert T Longway Blvd, Flint, MI 48503",43.025476,-83.67867,"1200 Robert T Longway Boulevard, Flint, MI 48503, United States of America",1,1,1
Forest Academy,39907,5196 Comstock Ave,Kalamazoo,MI,49048,"5196 Comstock Ave, Kalamazoo, MI 49048",42.2834872,-85.52736584,"5196 Comstock Avenue, Comstock Charter Township, MI 49048, United States of America",1,1,1
Fortis Academy,81906,3875 Golfside Rd,Ypsilanti,MI,48197,"3875 Golfside Rd, Ypsilanti, MI 48197",42.2325403,-83.6606499,"3875 Golfside Road, Pittsfield Charter Township, MI 48197, United States of America",1,1,1
Fostering Leadership Academy,82772,16511 Delaware Ave,Redford Charter Twp,MI,48240,"16511 Delaware Ave, Redford Charter Twp, MI 48240",42.25464,-83.58351,"16511 Delaware Ave, Redford Charter Twp, MI 48240", ,,
Four Corners Montessori Academy,63923,1075 E Gardenia Ave,Madison Heights,MI,48071,"1075 E Gardenia Ave, Madison Heights, MI 48071",42.49799957,-83.09525081,"1075 East Gardenia Avenue, Madison Heights, MI 48071, United States of America",1,1,1
Francis Reh PSA,73909,2201 Owen St,Saginaw,MI,48601,"2201 Owen St, Saginaw, MI 48601",43.40669661,-83.94471496,"2201 Owen Street, Saginaw, MI 48601, United States of America",1,1,1
Francis Street Primary School,38904,1320 Francis Street,Jackson,MI,49203,"1320 Francis Street, Jackson, MI 49203",42.23254357,-84.40382818,"1320 Francis Street, Jackson, MI 49203, United States of America",1,1,1
Frederick Douglass International Academy,63935,21700 Marlow ST.,Oak Park,MI,48237,"21700 Marlow ST., Oak Park, MI 48237",42.454112,-83.195627,"21700 Marlow Street, Oak Park, MI 48237, United States of America",1,1,1
Frontier International Academy,82987,13200 Conant St,Detroit,MI,48212,"13200 Conant St, Detroit, MI 48212",42.41402069,-83.06034722,"13200 Conant Street, Detroit, MI 48212, United States of America",1,1,1
Frontier International Academy,82987,28111 Imperial Dr,Warren,MI,48093,"28111 Imperial Dr, Warren, MI 48093",42.50300022,-83.00068097,"28111 Imperial Drive, Warren, MI 48093, United States of America",1,1,1
Gateway Middle/High School,41913,311 State Street Se,Grand Rapids,MI,49503,"311 State Street Se, Grand Rapids, MI 49503",42.960026,-85.660384,"311 State Street Southeast, Grand Rapids, MI 49503, United States of America",1,1,1
Gateway To Success Academy,53901,526 N Scottville Rd,Scottville,MI,49454,"526 N Scottville Rd, Scottville, MI 49454",43.964272,-86.278304,"526 North Scottville Road, Scottville, MI 49454, United States of America",1,1,1
Gaudior Academy,82911,27100 Avondale St,Inkster,MI,48141,"27100 Avondale St, Inkster, MI 48141",42.293488,-83.314827,"Inkster (Inkster), MI 48141, United States of America",0.25,1,
GEE Compass Academy,81916,850 S. Hewitt Street,Ypsilanti,MI,48197,"850 S. Hewitt Street, Ypsilanti, MI 48197",42.194034,-83.639984,"Ypsilanti, MI 48197, United States of America",0.25,1,
GEE Edmonson Academy,82731,1300 West Canfield St,Detroit,MI,48201,"1300 West Canfield St, Detroit, MI 48201",42.34861205,-83.07500945,"1300 West Canfield Street, Detroit, MI 48201, United States of America",1,1,1
GEE White Academy,82732,5161 Charles St,Detroit,MI,48212,"5161 Charles St, Detroit, MI 48212",42.41179672,-83.0500802,"5161 Charles Street, Detroit, MI 48212, United States of America",1,1,1
Genesee STEM Academy,25900,5240 Calkins Road,Flint,MI,48532,"5240 Calkins Road, Flint, MI 48532",43.0166521,-83.78204243,"5240 Calkins Road, Flint Charter Township, MI 48532, United States of America",1,1,1
George Crockett Academy,82937,4851 14th St,Detroit,MI,48208,"4851 14th St, Detroit, MI 48208",42.34881323,-83.08633244,"4851 14th Street, Detroit, MI 48208, United States of America",1,1,1
George Washington Carver Academy,82963,14510 2nd Ave,Highland Park,MI,48203,"14510 2nd Ave, Highland Park, MI 48203",42.40756753,-83.10263394,"14510 2nd Avenue, Highland Park, MI 48203, United States of America",1,1,1
Gerald Dawkins Academy,41932,1050 Fisk St Se,Grand Rapids,MI,49507,"1050 Fisk St Se, Grand Rapids, MI 49507",42.942329,-85.642641,"1050 Fisk Street SE, Grand Rapids, MI 49507, United States of America",1,1,1
Global Heights Academy,82725,23713 Joy Rd,Dearborn Heights,MI,48127,"23713 Joy Rd, Dearborn Heights, MI 48127",42.35687902,-83.27085555,"23713 Joy Road, Dearborn Heights, MI 48127, United States of America",1,1,1
Global Preparatory Academy,50904,7460 E 10 Mile Rd. ,Center Line,MI,48015,"26200 Ridgemont, Roseville, MI 48066",42.493273,-82.954119,"7460 E 10 Mile Rd. Center Line. MI 48015, United States of America ",0.9,1,0.9
Global Tech Academy,81900,1715 E Forest Ave,Ypsilanti,MI,48198,"1715 E Forest Ave, Ypsilanti, MI 48198",42.25015907,-83.57638226,"1715 East Forest Avenue, Ypsilanti Charter Township, MI 48198, United States of America",1,1,1
Grand Blanc Academy,25903,5135 E Hill Rd,Grand Blanc,MI,48439,"5135 E Hill Rd, Grand Blanc, MI 48439",42.94529119,-83.60642829,"5135 East Hill Road, Genesee County, MI 48439, United States of America",1,1,1
Grand Rapids Child Discovery Center,41921,409 Lafayette Ave Se,Grand Rapids,MI,49503,"409 Lafayette Ave Se, Grand Rapids, MI 49503",42.95559773,-85.66190082,"409 Lafayette Avenue Southeast, Grand Rapids, MI 49503, United States of America",1,1,1
Grand Rapids Ellington Academy of Arts & Technology,41927,670 Burton St Se,Grand Rapids,MI,49507,"670 Burton St Se, Grand Rapids, MI 49507",42.92743413,-85.65103685,"670 Burton Street Southeast, Grand Rapids, MI 49507, United States of America",1,1,1
Grand River Academy,82757,28111 8 Mile Rd,Livonia,MI,48152,"28111 8 Mile Rd, Livonia, MI 48152",42.440053,-83.374281,"33239 8 Mile Road, Livonia, MI 48152, United States of America",0.5,1,1
Grand River Preparatory High School,41930,650 52nd St Se,Kentwood,MI,49548,"650 52nd St Se, Kentwood, MI 49548",42.86927401,-85.64872739,"650 52nd Street Southeast, Kentwood, MI 49548, United States of America",1,1,1
Grand Traverse Academy,28902,1245 Hammond Rd E,Traverse City,MI,49686,"1245 Hammond Rd E, Traverse City, MI 49686",44.717509,-85.552774,"1245 East Hammond Road, Traverse City, MI 49686, United States of America",1,1,1
Great Lakes Academy,63907,46312 Woodward Ave,Pontiac,MI,48342,"46312 Woodward Ave, Pontiac, MI 48342",42.63131307,-83.28854098,"46312 Woodward Avenue, Pontiac, MI 48342, United States of America",1,1,1
Great Lakes Anchor Academy,50907,24475 Saint Francis St,Clinton Township,MI,48036,"24475 Saint Francis St, Clinton Township, MI 48036",42.58928199,-82.86430335,"24475 Saint Francis Street, Clinton Township, MI 48036, United States of America",1,1,1
Great Lakes Learning Academy,33914,2875 Eyde Pkwy,East Lansing,MI,48823,"2875 Eyde Pkwy, East Lansing, MI 48823",42.7168439,-84.4543432,"2875 Eyde Parkway, Meridian Charter Township, MI 48823, United States of America",1,1,1
Great Oaks Academy,63922,4257 Bart Ave,Warren,MI,48091,"4257 Bart Ave, Warren, MI 48091",42.46593388,-83.06317546,"4257 Bart Avenue, Warren, MI 48091, United States of America",1,1,1
Greater Heights Academy,25914,3196 W Pasadena Ave,Flint,MI,48504,"3196 W Pasadena Ave, Flint, MI 48504",43.04625294,-83.73912032,"3196 West Pasadena Avenue, Flint, MI 48504, United States of America",1,1,1
Hamilton Academy,82733,14223 Southampton,Detroit,MI,48213,"14223 Southampton, Detroit, MI 48213",42.398919,-82.963123,"14223 Southampton, Detroit, MI 48213, United States of America",1,1,1
Hamtramck Academy,82977,11420 Conant St,Hamtramck,MI,48212,"11420 Conant St, Hamtramck, MI 48212",42.4034591,-83.05348792,"11420 Conant Street, Hamtramck, MI 48212, United States of America",1,1,1
Hanley International Academy,82986,2400 Denton St,Hamtramck,MI,48212,"2400 Denton St, Hamtramck, MI 48212",42.38600095,-83.0535168,"2400 Denton Street, Hamtramck, MI 48212, United States of America",1,1,1
Health Careers Academy of St. Clair County,74904,Po Box 1500,Marysville,MI,48040,"Po Box 1500, Marysville, MI 48040",42.9108647,-82.4861734,"Marysville, MI 48040, United States of America",1,1,
HEART Academy,82927,19800 Anita St,Harper Woods,MI,48225,"19800 Anita St, Harper Woods, MI 48225",42.44922583,-82.92622998,"19800 Anita Street, Harper Woods, MI 48225, United States of America",1,1,1
Henry Ford Academy,82926,P.O. Box 1148,Dearborn,MI,48121,"P.O. Box 1148, Dearborn, MI 48121",42.3222599,-83.1763145,"Dearborn, MI, United States of America",1,1,
Highland Park Public School Academy System,82749,15900 Woodward Ave,Highland Park,MI,48203,"15900 Woodward Ave, Highland Park, MI 48203",42.413021,-83.101962,"15900 Woodward Avenue, Highland Park, MI 48203, United States of America",1,1,1
Highpoint Virtual Academy of Michigan,83900,210 E Mesick Ave,Mesick,MI,49668,"210 E Mesick Ave, Mesick, MI 49668",44.40558656,-85.71137355,"210 East Mesick Avenue, Mesick, MI 49668, United States of America",1,1,1
Hillsdale Preparatory School,30901,160 Mechanic Rd,Hillsdale,MI,49242,"160 Mechanic Rd, Hillsdale, MI 49242",41.934475,-84.68375,"Mechanic Road, Hillsdale, MI 49242, United States of America",0.5,1,1
Hinoki International School,63937,29230 West 12 Mile Road,Farmington Hills,MI,48334,"29230 West 12 Mile Road, Farmington Hills, MI 48334",42.49984702,-83.33502583,"29230 West 12 Mile Road, Farmington Hills, MI 48334, United States of America",1,1,1
Hinoki International School,82726,36611 Curtis Rd,Livonia,MI,48152,"36611 Curtis Rd, Livonia, MI 48152",42.41862245,-83.40595754,"36611 Curtis Road, Livonia, MI 48152, United States of America",1,1,1
Holly Academy,63911,820 Academy Rd,Holly,MI,48442,"820 Academy Rd, Holly, MI 48442",42.79172374,-83.63990254,"820 Academy Road, Oakland County, MI 48442, United States of America",1,1,1
Holly Park Academy,33910,3300 Express Ct,Lansing,MI,48910,"3300 Express Ct, Lansing, MI 48910",42.6984513,-84.5742498,"Express Court, Lansing, MI 49811, United States of America",0.5,1,1
Honey Creek Community School,81901,1735 S Wagner Rd,Ann Arbor,MI,48103,"1735 S Wagner Rd, Ann Arbor, MI 48103",42.2606384,-83.7988254,"1735 South Wagner Road, Scio Township, MI 48103, United States of America",1,1,1
Hope Academy,82942,12121 Broadstreet Ave,Detroit,MI,48204,"12121 Broadstreet Ave, Detroit, MI 48204",42.37888479,-83.13397634,"12121 Broadstreet Avenue, Detroit, MI 48204, United States of America",1,1,1
Hope Academy of West Michigan,41926,240 Brown St Se,Grand Rapids,MI,49507,"240 Brown St Se, Grand Rapids, MI 49507",42.93186112,-85.662028,"240 Brown Street Southeast, Grand Rapids, MI 49507, United States of America",1,1,1
Hope of Detroit Academy,82957,4443 N Campbell St,Detroit,MI,48210,"4443 N Campbell St, Detroit, MI 48210",42.33478464,-83.11676424,"4443 North Campbell Street, Detroit, MI 48210, United States of America",1,1,1
Horizons Community High School,41902,1585 36th Street Sw,Wyoming,MI,49509,"1585 36th Street Sw, Wyoming, MI 49509",42.89898514,-85.70419014,"1585 36th Street Southwest, Wyoming, MI 49509, United States of America",1,1,1
Hospitality Academy of St. Clair County,74905,Po Box 1500,Marysville,MI,48040,"Po Box 1500, Marysville, MI 48040",42.9108647,-82.4861734,"Marysville, MI 48040, United States of America",1,1,
Huron Academy,50903,11401 Metro Pkwy,Sterling Hts,MI,48312,"11401 Metro Pkwy, Sterling Hts, MI 48312",42.567112,-83.012297,"11401 Metropolitan Parkway, Sterling Heights, MI 48312, United States of America",0.63,1,0.63
ICademy Global,70909,8485 Home#ad Dr,Zeeland,MI,49464,"8485 Home#ad Dr, Zeeland, MI 49464",42.8108439,-85.9913348,"Innocademy, 8485 Homestead Drive, Zeeland Charter Township, MI 49464, United States of America",0.63,1,0.63
Industrial Technology Academy,74902,Po Box 1500,Marysville,MI,48040,"Po Box 1500, Marysville, MI 48040",42.9108647,-82.4861734,"Marysville, MI 48040, United States of America",1,1,
Information Technology Academy of St. Clair,74907,Po Box 1500,Marysville,MI,48040,"Po Box 1500, Marysville, MI 48040",42.9108647,-82.4861734,"Marysville, MI 48040, United States of America",1,1,
Inkster Preparatory Academy,82762,27355 Woodsfield St,Inkster,MI,48141,"27355 Woodsfield St, Inkster, MI 48141",42.30740127,-83.30973833,"27355 Woodsfield, Inkster, MI 48141, United States of America",0.9,1,0.9
Innocademy,70908,8485 Home#ad Dr,Zeeland,MI,49464,"8485 Home#ad Dr, Zeeland, MI 49464",42.8108439,-85.9913348,"Innocademy, 8485 Homestead Drive, Zeeland Charter Township, MI 49464, United States of America",0.63,1,0.63
Innocademy Allegan Campus,3900,2611 56th St,Fennville,MI,49408,"2611 56th St, Fennville, MI 49408",42.60976975,-86.09459365,"2611 56th Street, Fennville, MI 49408, United States of America",1,1,1
Innocademy Pyramid Campus,41903,6100 E Paris Ave Se,Caledonia,MI,49316,"6100 E Paris Ave Se, Caledonia, MI 49316",42.85252308,-85.56534147,"6100 East Paris Avenue Southeast, Gaines Charter Township, MI 49316, United States of America",1,1,1
Insight School of Michigan,23903,526 S Creyts Rd,Lansing,MI,48917,"526 S Creyts Rd, Lansing, MI 48917",42.72866182,-84.64240952,"526 South Creyts Road, Delta Charter Township, MI 48917, United States of America",1,1,1
Insight School of Michigan,33900,"6512 Centurion, Suite 320",Lansing,MI,48917,"6512 Centurion, Suite 320, Lansing, MI 48917",42.7236082,-84.6449764,"Insight School of Michigan, 6512 Centurion Drive, Lansing, MI 48917, United States of America",0.9,1,0.9
International Academy of Detroit,82709,7000 W Outer Dr,Detroit,MI,48235,"7000 W Outer Dr, Detroit, MI 48235",42.419747,-83.199628,"7000 West Outer Drive, Detroit, MI 48235, United States of America",1,1,1
International Academy of Flint,25905,2820 S Saginaw St,Flint,MI,48503,"2820 S Saginaw St, Flint, MI 48503",42.99690843,-83.67807986,"2820 South Saginaw Street, Flint, MI 48503, United States of America",1,1,1
International Academy of Saginaw,73912,1944 Iowa Ave,Saginaw,MI,48601,"1944 Iowa Ave, Saginaw, MI 48601",43.38477956,-83.91721375,"1944 Iowa Avenue, Bridgeport Charter Township, MI 48601, United States of America",1,1,1
Island City Academy,23901,6421 S Clinton Trl,Eaton Rapids,MI,48827,"6421 S Clinton Trl, Eaton Rapids, MI 48827",42.47363806,-84.65954371,"6421 South Clinton Trail, Eaton Rapids, MI 48827, United States of America",1,1,1
Ivywood Classical Academy,82767,14356 Genoa Ct,Plymouth,MI,48170,"14356 Genoa Ct, Plymouth, MI 48170",42.3853372,-83.51389279,"14356 Genoa Court, Plymouth Charter Township, MI 48170, United States of America",1,1,1
Jackson Arts and Technology PSA,38903,500 Griswold St,Jackson,MI,49203,"500 Griswold St, Jackson, MI 49203",42.23017121,-84.41657979,"500 Griswold Street, Jackson, MI 49203, United States of America",1,1,1
Jackson Preparatory & Early College,38900,2111 Emmons Rd,Jackson,MI,49201,"2111 Emmons Rd, Jackson, MI 49201",42.167426,-84.405481,"2111 Emmons Road, Summit Township, MI 49201, United States of America",1,1,1
Jalen Rose Leadership Academy,82728,15000 Trojan St,Detroit,MI,48235,"15000 Trojan St, Detroit, MI 48235",42.44182015,-83.19475951,"Jalen Rose Leadership Academy, 15000 Trojan Street, Detroit, MI 48235, United States of America",1,1,1
Jefferson International Academy,63933,60 S Lynn Ave,Waterford,MI,48328,"60 S Lynn Ave, Waterford, MI 48328",42.63361007,-83.33561225,"60 South Lynn Avenue, Waterford Township, MI 48328, United States of America",1,1,1
Joseph K. Lumsden Bahweting Anishnabe Academy,17901,1301 Marquette Ave,Sault Sainte Marie,MI,49783,"1301 Marquette Ave, Sault Sainte Marie, MI 49783",46.480962,-84.332604,"1301 Marquette Avenue, Sault Ste. Marie, MI 49783, United States of America",1,1,1
Joy Preparatory Academy,82958,15055 Dexter Ave,Detroit,MI,48238,"15055 Dexter Ave, Detroit, MI 48238",42.40111178,-83.13563088,"15055 Dexter Avenue, Detroit, MI 48238, United States of America",1,1,1
Kalamazoo Advantage Academy,39904,121 W. South Street,Kalamazoo,MI,49007,"121 W. South Street, Kalamazoo, MI 49007",42.28972249,-85.58356455,"121 West South Street, Kalamazoo, MI 49007, United States of America",1,1,1
Kalamazoo Covenant Academy,39911,404 W Crosstown Pkwy,Kalamazoo,MI,49001,"404 W Crosstown Pkwy, Kalamazoo, MI 49001",42.27617524,-85.5884608,"404 West Crosstown Parkway, Kalamazoo, MI 49001, United States of America",1,1,1
Kensington Woods Schools,47901,9501 Pettys Road,Lakeland,MI,48143,"9501 Pettys Road, Lakeland, MI 48143",42.45787655,-83.83663817,"Kensington Woods Schools, 9501 Pettys Road, Hamburg Township, MI 48143, United States of America",1,1,1
Keys Grace Academy,63938,27321 Hampden St,Madison Heights,MI,48071,"27321 Hampden St, Madison Heights, MI 48071",42.49302169,-83.11370324,"27321 Hampden Street, Madison Heights, MI 48071, United States of America",1,1,1
Keys Grace Academy,63938,915 E 11 Mile Rd,Madison Hts,MI,48071,"915 E 11 Mile Rd, Madison Hts, MI 48071",42.49074539,-83.09717269,"915 East 11 Mile Road, Madison Heights, MI 48071, United States of America",1,1,1
Keystone Academy,82976,47925 Bemis Rd,Belleville,MI,48111,"47925 Bemis Rd, Belleville, MI 48111",42.1733409,-83.50642523,"Keystone Academy, 47925 Bemis Road, Belleville, MI 48111, United States of America",1,1,1
King Academy,82932,1615 Henry Ruff Road,Inkster,MI,48141,"1615 Henry Ruff Road, Inkster, MI 48141",42.3002654,-83.3395667,"1615 Henry Ruff Road, Inkster, MI 48141, United States of America",1,1,1
Kingsbury Country Day School,63934,5000 Hosner Rd,Oxford,MI,48370,"5000 Hosner Rd, Oxford, MI 48370",42.871158,-83.20268,"5000 Hosner Road, Dryden Township, MI 48370, United States of America",1,1,1
KIPP Detroit Imani Academy,82775,19321 W Chicago St,Detroit,MI,48228,"19321 W Chicago St, Detroit, MI 48228",42.36472953,-83.230341,"19321 West Chicago Street, Detroit, MI 48228, United States of America",1,1,1
Knapp Charter Academy,41914,1759 Leffingwell Ave Ne,Grand Rapids,MI,49525,"1759 Leffingwell Ave Ne, Grand Rapids, MI 49525",42.99375305,-85.60286173,"Knapp Charter Academy, 1759 Leffingwell Avenue Northeast, Grand Rapids, MI 49525, United States of America",1,1,1
Lake Superior Academy,17900,8936 S Mackinac Trl,Sault S Marie,MI,49783,"8936 S Mackinac Trl, Sault S Marie, MI 49783",46.37712712,-84.40525633,"8936 South Mackinac Trail, Dafter Township, MI 49783, United States of America",1,1,1
Lakeshore Public Academy,64901,6023 N. 72nd Avenue,Hart,MI,49420,"6023 N. 72nd Avenue, Hart, MI 49420",43.75454245,-86.37884145,"6023 North 72nd Avenue, Weare Township, MI 49420, United States of America",1,1,1
Lakeside Charter School - Albion,13905,13725 Starr Commonwealth Road,Albion,MI,49224,"13725 Starr Commonwealth Road, Albion, MI 49224",42.27501,42.27501,"13725 Starr Commonwealth Road, Albion, MI 49224",,,
Lakeside Charter School - Kalamazoo,39900,3921 Oakland Dr Frnt,Kalamazoo,MI,49008,"3921 Oakland Dr Frnt, Kalamazoo, MI 49008",42.263841,-85.617047,"Kalamazoo (Kalamazoo), MI 49008, United States of America",0.25,1,
Landmark Academy,74903,4800 Lapeer Rd,Kimball,MI,48074,"4800 Lapeer Rd, Kimball, MI 48074",42.98324154,-82.51719283,"4800 Lapeer Road, Saint Clair County, MI 48074, United States of America",1,1,1
Laurus Academy,63918,24590 Lahser Rd,Southfield,MI,48033,"24590 Lahser Rd, Southfield, MI 48033",42.46867532,-83.26046487,"24590 Lahser Road, Southfield, MI 48033, United States of America",1,1,1
Leaders Preparatory Academy,63904,27700 Southfield Rd,Lathrup Village,MI,48076,"27700 Southfield Rd, Lathrup Village, MI 48076",42.4861739,-83.2211584,"Cooper St. Cookies, 27700 Southfield Road, Lathrup Village, MI 48076, United States of America",1,1,1
"Learn, Live, Lead Academy",33912,3000 W. Miller Road,Lansing,MI,48910,"3000 W. Miller Road, Lansing, MI 48910",42.669772,-84.590645,"3000 West Miller Road, Lansing, MI 48911, United States of America",1,1,1
Leelanau Montessori Public School Academy,45901,7401 E Duck Lake Rd,Lake Leelanau,MI,49653,"7401 E Duck Lake Rd, Lake Leelanau, MI 49653",44.985665,-85.704791,"7401 East Duck Lake Road, Lake Leelanau, MI 49653, United States of America",1,1,1
Legacy Charter Academy,82723,4900 E Hildale St,Detroit,MI,48234,"4900 E Hildale St, Detroit, MI 48234",42.42879405,-83.05417471,"Legacy Charter Academy, 4900 East Hildale Street, Detroit, MI 48234, United States of America",1,1,1
Life Skills Center of Metropolitan Detroit,82978,3100 East Jefferson Ave,Detroit,MI,48207,"3100 East Jefferson Ave, Detroit, MI 48207",42.340283,-83.017684,"3100 East Jefferson Avenue, Detroit, MI 48207, United States of America",1,1,1
LifeTech Academy,23900,854 Elmwood Rd,Lansing,MI,48917,"854 Elmwood Rd, Lansing, MI 48917",42.7432013,-84.6223938,"854 Elmwood Road, Lansing, MI 48917, United States of America",1,1,1
Light of the World Academy,47900,550 E Hamburg St,Pinckney,MI,48169,"550 E Hamburg St, Pinckney, MI 48169",42.45952965,-83.94239482,"550 East Hamburg Street, Pinckney, MI 48169, United States of America",1,1,1
Lighthouse Academy,41922,3300 36th St Se,Grand Rapids,MI,49512,"3300 36th St Se, Grand Rapids, MI 49512",42.897905,-85.5851638,"3300 36th Street Southeast, Kentwood, MI 49512, United States of America",1,1,1
Lighthouse Connections Academy,63939,3150 Livernois Rd,Troy,MI,48083,"3150 Livernois Rd, Troy, MI 48083",42.56417941,-83.14765321,"3150 Livernois Road, Troy, MI 48083, United States of America",1,1,1
Lincoln-King Academy,82720,13436 Grove St,Detroit,MI,48235,"13436 Grove St, Detroit, MI 48235",42.41430405,-83.17721632,"13436 Grove Street, Detroit, MI 48235, United States of America",1,1,1
Lincoln-King Adams-Young Academy,82773,13436 Grove St,Detroit,MI,48235,"13436 Grove St, Detroit, MI 48235",42.41430405,-83.17721632,"13436 Grove Street, Detroit, MI 48235, United States of America",1,1,1
Linden Charter Academy,25907,3244 N Linden Rd,Flint,MI,48504,"3244 N Linden Rd, Flint, MI 48504",43.05391194,-83.77270302,"3244 North Linden Road, Mount Morris Charter Township, MI 48504, United States of America",1,1,1
Livingston Classical Academy,81913,8877 Main St,Whitmore Lake,MI,48189,"8877 Main St, Whitmore Lake, MI 48189",42.41397481,-83.76118829,"8877 Main Street, Northfield Township, MI 48189, United States of America",1,1,1
MacDowell Preparatory Academy,82747,4201 W Outer Dr,Detroit,MI,48221,"4201 W Outer Dr, Detroit, MI 48221",42.4349708,-83.16589685,"4201 West Outer Drive, Detroit, MI 48221, United States of America",1,1,1
Mackinac Preparatory Academy,53900,525 4th Street,Baldwin,MI,49304,"525 4th Street, Baldwin, MI 49304",43.88983404,-85.85717349,"525 4th Street, Baldwin, MI 49304, United States of America",1,1,1
Macomb Academy,50901,39092 Garfield Rd,Clinton Township,MI,48038,"39092 Garfield Rd, Clinton Township, MI 48038",42.58426454,-82.95181271,"39092 Garfield Road, Clinton Township, MI 48038, United States of America",1,1,1
Macomb Montessori Academy,50914,14057 E 9 Mile Rd,Warren,MI,48089,"14057 E 9 Mile Rd, Warren, MI 48089",42.46403954,-82.98051114,"14057 East 9 Mile Road, Warren, MI 48089, United States of America",1,1,1
Madison Academy ,25911,6170 Torrey Rd,Flint,MI,48507,"6170 Torrey Rd, Flint, MI 48507",42.939091,-83.73471,"6170 Torrey Rd, Flint, MI 48507", ,,
Madison Academy -  Elementary/Middle School,9450,6170 Torrey Rd,Flint,MI,48507,"6170 Torrey Rd, Flint, MI 48507",42.93935143,-83.73171692,"6170 Torrey Road, Mundy Charter Township, MI 48507, United States of America",1,1,1
Madison Academy - High School,499,3266 S Genesee Rd,Burton,MI,48519,"3266 S Genesee Rd, Burton, MI 48519",42.9823824,-83.61402839,"3266 South Genesee Road, Burton, MI 48519, United States of America",1,1,1
Madison-Carver Academy,82742,19900 Mcintyre St,Detroit,MI,48219,"19900 Mcintyre St, Detroit, MI 48219",42.437297,-83.263286,"19900 McIntyre Street, Detroit, MI 48219, United States of America",1,1,1
Marshall Academy,13903,18203 Homer Rd,Marshall,MI,49068,"18203 Homer Rd, Marshall, MI 49068",42.2510891,-84.94083446,"18203 Homer Road, Marshall, MI 49068, United States of America",1,1,1
"Martin Luther King, Jr. Education Center Academy",82910,16827 Appoline St,Detroit,MI,48235,"16827 Appoline St, Detroit, MI 48235",42.414611,-83.171291,"16827 Appoline Street, Detroit, MI 48235, United States of America",1,1,1
Marvin L. Winans Academy of Performing Arts ,82924,9740 McKinney St,Detroit,MI,48224,"9740 McKinney St, Detroit, MI 48224",42.939091,-83.734711,"9740 McKinney St, Detroit, MI 48224", ,,
Merritt Academy,50906,59900 Havenridge Rd,New Haven,MI,48048,"59900 Havenridge Rd, New Haven, MI 48048",42.74099885,-82.80171526,"59900 Havenridge Road, Macomb County, MI 48048, United States of America",1,1,1
Metro Charter Academy,82967,34800 Ecorse Rd,Romulus,MI,48174,"34800 Ecorse Rd, Romulus, MI 48174",42.25221157,-83.3812034,"34800 Ecorse Road, Romulus, MI 48174, United States of America",1,1,1
Metropolitan Transitional Academy,82972,3414 Ash,Inkster,MI,48141,"3414 Ash, Inkster, MI 48141",42.2857894,-83.3172684,"3414 Ash Street, Inkster, MI 48141, United States of America",0.9,1,0.9
MI Institute for Construction Trades,82944,1201 E. Grand Boulevard,Detroit,MI,48211,"1201 E. Grand Boulevard, Detroit, MI 48211",42.374695,-83.0197192,"1201 East Grand Boulevard, Detroit, MI 48211, United States of America",1,1,1
Michigan Collegiate,50902,31300 Ryan Rd,Warren,MI,48092,"31300 Ryan Rd, Warren, MI 48092",42.52315789,-83.06792257,"31300 Ryan Road, Warren, MI 48092, United States of America",1,1,1
Michigan Connections Academy,33911,3950 Heritage Ave # 100,Okemos,MI,48864,"3950 Heritage Ave # 100, Okemos, MI 48864",42.69616246,-84.43668012,"3950 Heritage Avenue, Meridian Charter Township, MI 48864, United States of America",1,1,1
Michigan Educational Choice Center,82751,20045 Joann St,Detroit,MI,48205,"20045 Joann St, Detroit, MI 48205",42.4442627,-82.99100023,"20045 Joann Street, Detroit, MI 48205, United States of America",1,1,1
Michigan Great Lakes Virtual Academy,51905,50 Filer St,Manistee,MI,49660,"50 Filer St, Manistee, MI 49660",44.24767659,-86.32011521,"50 Filer Street, Manistee, MI 49660, United States of America",1,1,1
Michigan Health Academy,82917,5845 Auburn St,Detroit,MI,48228,"5845 Auburn St, Detroit, MI 48228",42.33130465,-83.23297079,"5845 Auburn Street, Detroit, MI 48228, United States of America",1,1,1
Michigan International Prep School,19900,3750 Cleary Dr,Howell,MI,48843,"3750 Cleary Dr, Howell, MI 48843",42.58746595,-83.88048113,"Cleary University, 3750 Cleary Drive, Howell, MI 48843, United States of America",1,1,1
Michigan International Prep School - Elsie,3169,8989 E Colony Rd,Elsie,MI,48831,"8989 E Colony Rd, Elsie, MI 48831",43.0471271,-84.39271137,"Ovid-Elsie High School, 8989 East Colony Road, Elsie, MI 48831, United States of America",1,1,1
Michigan Mathematics and Science Academy,63924,27300 Dequindre Rd,Warren,MI,48092,"27300 Dequindre Rd, Warren, MI 48092",42.49283,-83.085072,"27300 Dequindre Road, Warren, MI 48092, United States of America",1,1,1
Michigan Online School,80900,209 S State St,Gobles,MI,49055,"209 S State St, Gobles, MI 49055",42.35930694,-85.87885467,"209 South State Street, Gobles, MI 49055, United States of America",1,1,1
Michigan School for the Arts,63927,825 Golf Drive,Pontiac,MI,48341,"825 Golf Drive, Pontiac, MI 48341",42.61795891,-83.30407754,"825 Golf Drive, Pontiac, MI 48341, United States of America",1,1,1
Michigan Virtual Charter Academy,41925,1620 E Elza Ave,Hazel Park,MI,48030,"1620 E Elza Ave, Hazel Park, MI 48030",42.45176199,-83.08759721,"1620 East Elza Avenue, Hazel Park, MI 48030, United States of America",1,1,1
Mid-Michigan Leadership Academy,33904,730 W Maple St,Lansing,MI,48906,"730 W Maple St, Lansing, MI 48906",42.7469205,-84.5607742,"730 West Maple Street, Lansing, MI 48906, United States of America",1,1,1
Midland Academy of Advanced and Creative Studies,56902,4653 East Bailey Bridge Rd,Midland,MI,48640,"4653 East Bailey Bridge Rd, Midland, MI 48640",43.568651,-84.181502,"4653 Bailey Bridge Road, Midland, MI 48640, United States of America",0.9,1,0.9
Mildred C. Wells Preparatory Academy,11904,248 9th St,Benton Harbor,MI,49022,"248 9th St, Benton Harbor, MI 49022",42.11363141,-86.45899076,"248 9th Street, Benton Harbor, MI 49022, United States of America",1,1,1
Momentum Academy,63928,60 S Lynn Ave,Waterford,MI,48328,"60 S Lynn Ave, Waterford, MI 48328",42.63361007,-83.33561225,"60 South Lynn Avenue, Waterford Township, MI 48328, United States of America",1,1,1
Mt. Clemens Montessori Academy,50908,1070 Hampton Rd,Mount Clemens,MI,48043,"1070 Hampton Rd, Mount Clemens, MI 48043",42.5859217,-82.89177223,"1070 Hampton Road, Mount Clemens, MI 48043, United States of America",1,1,1
Multicultural Academy,81908,5550 Platt Rd,Ann Arbor,MI,48108,"5550 Platt Rd, Ann Arbor, MI 48108",42.20738685,-83.7006356,"Multicultural Academy, 5550 Platt Road, Ann Arbor, MI 48108, United States of America",1,1,1
Muskegon Covenant Academy,61906,125 Catherine Ave,Muskegon,MI,49442,"125 Catherine Ave, Muskegon, MI 49442",43.22828315,-86.24046154,"125 Catherine Avenue, Muskegon, MI 49442, United States of America",1,1,1
Muskegon Heights Public School Academy System,61905,2441 Sanford St,Muskegon Heights,MI,49444,"2441 Sanford St, Muskegon Heights, MI 49444",43.20796255,-86.24589984,"2441 Sanford Street, Muskegon Heights, MI 49444, United States of America",1,1,1
Muskegon Maritime Academy,61907,571 E Apple Ave,Muskegon,MI,49442,"571 E Apple Ave, Muskegon, MI 49442",43.23427237,-86.22983125,"571 East Apple Avenue, Muskegon, MI 49442, United States of America",1,1,1
Muskegon Montessori Academy for Environmental Change,61900,2950 Mccracken St,Norton Shores,MI,49441,"2950 Mccracken St, Norton Shores, MI 49441",43.19912555,-86.29260867,"2950 McCracken Street, Norton Shores, MI 49441, United States of America",1,1,1
Nah Tah Wahsh Public School Academy,55901,N14911 Hannahville Road B 1,Wilson,MI,49896,"N14911 Hannahville Road B 1, Wilson, MI 49896",,,,,,
Nah Tah Wahsh Public School Academy,55901,N14911 Hannahville B-1 Rd,Wilson,MI,49896,"N14911 Hannahville B-1 Rd, Wilson, MI 49896",45.70071,-87.34673,"N14911 Hannahville B-1 Rd, Wilson, MI 49896", ,,
Nataki Talibah Schoolhouse of Detroit,82905,19176 Northrop St,Detroit,MI,48219,"19176 Northrop St, Detroit, MI 48219",42.43030666,-83.26191329,"19176 Northrop Street, Detroit, MI 48219, United States of America",1,1,1
Navigator Academy,39901,1340 Cobb Street,Kalamazoo,MI,49007,"1340 Cobb Street, Kalamazoo, MI 49007",42.302591,-85.588193,"Kalamazoo (Kalamazoo), MI 49007, United States of America",0.25,1,
New Bedford Academy,58901,6315 Secor Rd,Lambertville,MI,48144,"6315 Secor Rd, Lambertville, MI 48144",41.7305516,-83.62674093,"New Bedford Academy, 6315 Secor Road, Lambertville, MI 48144, United States of America",1,1,1
New Beginnings Academy,82962,211 East Michigan Ave,Ypsilanti,MI,48198,"211 East Michigan Ave, Ypsilanti, MI 48198",42.24006602,-83.60948895,"211 East Michigan Avenue, Ypsilanti, MI 48198, United States of America",1,1,1
New Branches Charter Academy,41901,3662 Poinsettia Ave Se,Grand Rapids,MI,49508,"3662 Poinsettia Ave Se, Grand Rapids, MI 49508",42.89747976,-85.63515614,"3662 Poinsettia Avenue Southeast, Grand Rapids, MI 49508, United States of America",1,1,1
New Dawn Academy of Warren,50920,8200 Irving Rd,Sterling Hts,MI,48312,"8200 Irving Rd, Sterling Hts, MI 48312",42.54572194,-83.02680211,"8200 Irving Road, Sterling Heights, MI 48312, United States of America",1,1,1
New Hope Public School Academy,73913,3145 Russell St,Saginaw,MI,48601,"3145 Russell St, Saginaw, MI 48601",43.39714757,-83.96005573,"3145 Russell Street, Saginaw, MI 48601, United States of America",1,1,1
New Horizon Academy,82946,115 State Street,Detroit,MI,48226,"115 State Street, Detroit, MI 48226",42.3324375,-83.049215,"115 State Street, Detroit, MI 48226, United States of America",1,1,1
New Paradigm College Prep,82713,4001 29th St,Detroit,MI,48210,"4001 29th St, Detroit, MI 48210",42.33474285,-83.11007972,"4001 29th Street, Detroit, MI 48210, United States of America",1,1,1
New Paradigm Glazer Academy,82734,2001 Labelle,Detroit,MI,48238,"2001 Labelle, Detroit, MI 48238",42.399265,-83.116391,"2001 LaBelle Street, Detroit, MI 48238, United States of America",0.9,1,0.9
New Paradigm Glazer-Loving Academy,82735,2001 Labelle St,Detroit,MI,48238,"2001 Labelle St, Detroit, MI 48238",42.39965464,-83.11620596,"2001 LaBelle Street, Detroit, MI 48238, United States of America",1,1,1
New School for Creative Learning,41907,3950 Burton Se,Grand Rapids,MI,49546,"3950 Burton Se, Grand Rapids, MI 49546",42.926013,-85.570429,"3950 Burton Street SE, Grand Rapids, MI, United States of America",0.9,1,0.9
New School High,82758,46250 Ann Arbor Road,Plymouth,MI,48170,"46250 Ann Arbor Road, Plymouth, MI 48170",42.35811976,-83.49681365,"46250 Ann Arbor Road, Plymouth Charter Township, MI 48170, United States of America",1,1,1
Newland Academy of Arts & Science,51902,3031 Domres Road,Manistee,MI,49660,"3031 Domres Road, Manistee, MI 49660",44.307208,-86.24033772,"3031 Domres Road, Manistee Township, MI 49660, United States of America",1,1,1
NexTech High School,41929,801 Broadway Ave Nw # 225,Grand Rapids,MI,49504,"801 Broadway Ave Nw # 225, Grand Rapids, MI 49504",42.977896,-85.679551,"801 Broadway Avenue Northwest, Grand Rapids, MI 49504, United States of America",1,1,1
NexTech High School of Lansing,33913,2175 University Park Drive,Okemos,MI,48864,"2175 University Park Drive, Okemos, MI 48864",42.67997163,-84.42850304,"2175 University Park Drive, Alaiedon Township, MI 48864, United States of America",1,1,1
NexTech High School of Metro Detroit,63930,31333 Southfield Rd,Beverly Hills,MI,48025,"31333 Southfield Rd, Beverly Hills, MI 48025",42.51974375,-83.22422668,"31333 Southfield Road, Beverly Hills, MI 48025, United States of America",1,1,1
Noah Webster Academy,34901,6403 Harwood Road,Ionia,MI,48846,"6403 Harwood Road, Ionia, MI 48846",42.89424514,-85.09461309,"6403 Harwood Road, Ionia, MI 48846, United States of America",1,1,1
Noor International Academy,50913,37412 Dequindre Rd,Sterling Heights,MI,48310,"37412 Dequindre Rd, Sterling Heights, MI 48310",42.567005,-83.088785,"37412 Dequindre Road, Sterling Heights, MI 48310, United States of America",1,1,1
North Saginaw Charter Academy,73910,2332 Trautner Dr,Saginaw,MI,48604,"2332 Trautner Dr, Saginaw, MI 48604",43.48470259,-83.96243461,"2332 Trautner Drive, Kochville Township, MI 48604, United States of America",1,1,1
North Star Montessori Academy,52901,3030 Wright St,Marquette,MI,49855,"3030 Wright St, Marquette, MI 49855",46.5558402,-87.45840746,"3030 Wright Street, Trowbridge Park, MI 49855, United States of America",1,1,1
Northpointe Academy,82992,53 Candler St,Highland Park,MI,48203,"53 Candler St, Highland Park, MI 48203",42.41473867,-83.100966,"53 Candler Street, Highland Park, MI 48203, United States of America",1,1,1
Northridge Academy,25904,4100 W Coldwater Rd,Flint,MI,48504,"4100 W Coldwater Rd, Flint, MI 48504",43.091912,-83.757324,"4100 Coldwater Road, Flint, MI 48504, United States of America",0.9,1,0.9
Nsoroma Institute,82922,20045 Joann St,Detroit,MI,48205,"20045 Joann St, Detroit, MI 48205",42.4442627,-82.99100023,"20045 Joann Street, Detroit, MI 48205, United States of America",1,1,1
Oakland Academy,39903,6325 Oakland Dr,Portage,MI,49024,"6325 Oakland Dr, Portage, MI 49024",42.22548642,-85.61382024,"6325 Oakland Drive, Portage, MI 49024, United States of America",1,1,1
Oakland County Academy of Media & Technology,63900,48980 Woodward Ave,Pontiac,MI,48342,"48980 Woodward Ave, Pontiac, MI 48342",42.642627,-83.297769,"48980 Woodward Avenue, Pontiac, MI 48342, United States of America",1,1,1
Oakland FlexTech High School,63931,23801 Industrial Park Dr,Farmington Hills,MI,48335,"23801 Industrial Park Dr, Farmington Hills, MI 48335",42.46537935,-83.42347865,"23801 Industrial Park Drive, Farmington Hills, MI 48335, United States of America",1,1,1
Oakland International Academy,63912,6111 Miller St,Detroit,MI,48211,"6111 Miller St, Detroit, MI 48211",42.39071398,-83.03976755,"6111 Miller Street, Detroit, MI 48211, United States of America",1,1,1
Oakland-Macomb Montessori Academy,50900,17350 Wellington Ave,Roseville,MI,48066,"17350 Wellington Ave, Roseville, MI 48066",42.5070175,-82.9417915,"17350 Wellington Avenue, Roseville, MI 48066, United States of America",1,1,1
Oakside Prep Academy,63909,355 Summit Dr,Waterford,MI,48328,"355 Summit Dr, Waterford, MI 48328",42.64789126,-83.33242706,"355 Summit Drive, Waterford Township, MI 48328, United States of America",1,1,1
Oasis Academy,63905,21705 Evergreen Road,Southfield,MI,48075,"21705 Evergreen Road, Southfield, MI 48075",42.4509857,-83.23975465,"21705 Evergreen Road, Southfield, MI 48075, United States of America",1,1,1
Ojibwe Charter School,17902,12099 W Lakeshore Dr,Brimley,MI,49715,"12099 W Lakeshore Dr, Brimley, MI 49715",46.450491,-84.600999,"12099 West Lakeshore Drive, Bay Mills, MI 49715, United States of America",1,1,1
Old Mission Peninsula School,28900,2699 Island View Rd,Traverse City,MI,49686,"2699 Island View Rd, Traverse City, MI 49686",44.8724706,-85.5211356,"Old Mission Peninsula School, 2699 Island View Road, Traverse City, MI 49686, United States of America",1,1,1
Old Redford Academy,82956,17195 Redford St,Detroit,MI,48219,"17195 Redford St, Detroit, MI 48219",42.41544432,-83.26086851,"17195 Redford Street, Detroit, MI 48219, United States of America",1,1,1
Orchard Academy,82769,278 Mack Ave,Detroit,MI,48201,"278 Mack Ave, Detroit, MI 48201",42.34867405,-83.0543696,"278 Mack Avenue, Detroit, MI 48201, United States of America",1,1,1
Outlook Academy,3902,2879 116th Ave,Allegan,MI,49010,"2879 116th Ave, Allegan, MI 49010",42.53513924,-85.82561616,"2879 116th Avenue, Watson, MI 49010, United States of America",1,1,1
Pansophia Academy,12901,52 Abbott Ave,Coldwater,MI,49036,"52 Abbott Ave, Coldwater, MI 49036",41.950176,-84.998064,"52 Abbott Avenue, Coldwater, MI 49036, United States of America",1,1,1
Paragon Charter Academy,38902,3750 Mccain Rd,Jackson,MI,49201,"3750 Mccain Rd, Jackson, MI 49201",42.23491425,-84.46582161,"Paragon Charter Academy, 3750 McCain Road, Summit Township, MI 49201, United States of America",1,1,1
Paramount Charter Academy,39905,3624 S Westnedge Ave,Kalamazoo,MI,49008,"3624 S Westnedge Ave, Kalamazoo, MI 49008",42.25530621,-85.58972979,"3624 South Westnedge Avenue, Kalamazoo, MI 49008, United States of America",1,1,1
Pathfinder Charter Academy,11902,300 East Napier,Benton Harbor,MI,49022,"300 East Napier, Benton Harbor, MI 49022",42.0939744,-86.296253,"East Napier Avenue, Bainbridge Township, MI 49022, United States of America",0.45,1,0.9
Pathways Academy,82737,11340 E Jefferson Ave,Detroit,MI,48214,"11340 E Jefferson Ave, Detroit, MI 48214",42.36674776,-82.97089082,"11340 East Jefferson Avenue, Detroit, MI 48214, United States of America",1,1,1
Pathways Global Leadership Academy,82712,556 Cu#r St,Detroit,MI,48202,"556 Cu#r St, Detroit, MI 48202",42.374786,-83.077718,"Detroit (Detroit), MI 48202, United States of America",0.25,1,
Pembroke Academy,82765,19940 Mansfield St,Detroit,MI,48235,"19940 Mansfield St, Detroit, MI 48235",42.43806207,-83.20647887,"19940 Mansfield Street, Detroit, MI 48235, United States of America",1,1,1
Pierre Toussaint Academy,82939,2450 South Beatrice St,Detroit,MI,48217,"2450 South Beatrice St, Detroit, MI 48217",42.269343,-83.154443,"2450 Beatrice Street, Detroit, MI 48217, United States of America",0.9,1,0.9
Pittsfield Acres Academy,81915,4377 Textile Rd,Ypsilanti,MI,48197,"4377 Textile Rd, Ypsilanti, MI 48197",42.20134102,-83.67247535,"4377 Textile Road, Pittsfield Charter Township, MI 48197, United States of America",1,1,1
Plymouth Educational Center Charter School,82904,1460 E Forest Ave,Detroit,MI,48207,"1460 E Forest Ave, Detroit, MI 48207",42.36013836,-83.04910081,"1460 East Forest Avenue, Detroit, MI 48207, United States of America",1,1,1
Plymouth Scholars Charter Academy,82743,48484 N Territorial Rd,Plymouth,MI,48170,"48484 N Territorial Rd, Plymouth, MI 48170",42.37674509,-83.52070103,"48484 North Territorial Road, Plymouth Charter Township, MI 48170, United States of America",1,1,1
Pontiac Academy for Excellence,63906,196 Cesar E Chavez Ave,Pontiac,MI,48342,"196 Cesar E Chavez Ave, Pontiac, MI 48342",42.64396157,-83.29780779,"196 Cesar E. Chavez Avenue, Pontiac, MI 48342, United States of America",1,1,1
PrepNet Virtual Academy,41931,3850 Broadmoor Ave Se,Grand Rapids,MI,49512,"3850 Broadmoor Ave Se, Grand Rapids, MI 49512",42.89336517,-85.57349104,"3850 Broadmoor Avenue Southeast, Kentwood, MI 49512, United States of America",1,1,1
Presque Isle Academy,71902,20830 Cedar St,Onaway,MI,49765,"20830 Cedar St, Onaway, MI 49765",45.36160355,-84.2306137,"Presque Isle Academy, 20830 West Cedar Street, Onaway, MI 49765, United States of America",1,1,1
Presque Isle Academy I,71901,251 W. Huron Avenue,Rogers City,MI,49779,"251 W. Huron Avenue, Rogers City, MI 49779",45.42049312,-83.81971369,"251 West Huron Avenue, Rogers City, MI 49779, United States of America",1,1,1
Prevail Academy,50909,353 Cass Ave,Mount Clemens,MI,48043,"353 Cass Ave, Mount Clemens, MI 48043",42.59830969,-82.89523608,"353 Cass Avenue, Mount Clemens, MI 48043, United States of America",1,1,1
Public Safety Academy of St. Clair,74909,Po Box 1500,Marysville,MI,48040,"Po Box 1500, Marysville, MI 48040",42.9108647,-82.4861734,"Marysville, MI 48040, United States of America",1,1,
Quest Charter Academy,82718,24745 Van Born Rd,Taylor,MI,48180,"24745 Van Born Rd, Taylor, MI 48180",42.26887418,-83.27716482,"24745 Van Born Road, Taylor, MI 48180, United States of America",1,1,1
Questar Academy,25901,5106 Calkins Road,Flint,MI,48532,"5106 Calkins Road, Flint, MI 48532",43.01665706,-83.77752304,"5106 Calkins Road, Flint Charter Township, MI 48532, United States of America",1,1,1
Reach Charter Academy,50912,25275 Chippendale St,Roseville,MI,48066,"25275 Chippendale St, Roseville, MI 48066",42.48233225,-82.92387163,"25275 Chippendale Street, Roseville, MI 48066, United States of America",1,1,1
Red Oak Academy,50917,11200 E 11 Mile Rd,Warren,MI,48089,"11200 E 11 Mile Rd, Warren, MI 48089",42.49140808,-83.01294359,"11200 East 11 Mile Road, Warren, MI 48089, United States of America",1,1,1
Regent Park Scholars Charter Academy,82727,15865 E 7 Mile Rd,Detroit,MI,48205,"15865 E 7 Mile Rd, Detroit, MI 48205",42.4360778,-82.95748567,"15865 East 7 Mile Road, Detroit, MI 48205, United States of America",1,1,1
Regents Academy,82759,17715 Brady Street,Redford,MI,48240,"17715 Brady Street, Redford, MI 48240",42.367487,-83.286241,"Brady, Redford Township, MI 48239, United States of America",0.405,0.9,0.81
Relevant Academy of Eaton County,23902,220 Lamson St,Grand Ledge,MI,48837,"220 Lamson St, Grand Ledge, MI 48837",42.74995794,-84.74849155,"220 Lamson Street, Grand Ledge, MI 48837, United States of America",1,1,1
Renaissance Public School Academy,37901,2797 S Isabella Rd,Mount Pleasant,MI,48858,"2797 S Isabella Rd, Mount Pleasant, MI 48858",43.59953393,-84.74756164,"2797 South Isabella Road, Mount Pleasant, MI 48858, United States of America",1,1,1
Richfield Public School Academy,25910,3807 N Center Rd,Flint,MI,48506,"3807 N Center Rd, Flint, MI 48506",43.04988685,-83.63585704,"3807 North Center Road, Flint, MI 48506, United States of America",1,1,1
Richfield Public School Academy,25910,460 West Atherton Road,Flint,MI,48507,"460 West Atherton Road, Flint, MI 48507",42.98897838,-83.67997696,"460 West Atherton Road, Flint, MI 48507, United States of America",1,1,1
Ridge Park Charter Academy,41919,4120 Camelot Ridge Dr Se,Grand Rapids,MI,49546,"4120 Camelot Ridge Dr Se, Grand Rapids, MI 49546",42.92049132,-85.56848566,"4120 Camelot Ridge Drive Southeast, Kentwood, MI 49546, United States of America",1,1,1
Rising Stars Academy,50915,23855 Lawrence,Center Line,MI,48015,"23855 Lawrence, Center Line, MI 48015",42.469924,-83.032226,"23855 Lawrence, Center Line, MI 48015, United States of America",1,1,1
River City Scholars Charter Academy,41928,944 Evergreen St Se,Grand Rapids,MI,49507,"944 Evergreen St Se, Grand Rapids, MI 49507",42.93625478,-85.64530529,"944 Evergreen Street Southeast, Grand Rapids, MI 49507, United States of America",1,1,1
River Heights Academy,82916,"P.O. Box 310, 30100 Olmstead",Flat Rock,MI,48134,"P.O. Box 310, 30100 Olmstead, Flat Rock, MI 48134",42.087609,-83.256033,"30100 Olmstead Road, Flat Rock, MI 48134, United States of America",0.9,1,0.9
Riverside Academy,82975,6409 Schaefer Rd,Dearborn,MI,48126,"6409 Schaefer Rd, Dearborn, MI 48126",42.33698761,-83.1766492,"6409 Schaefer Road, Dearborn, MI 48126, United States of America",1,1,1
Ross-Hill Academy,82948,3111 Elmwood St,Detroit,MI,48207,"3111 Elmwood St, Detroit, MI 48207",42.35646535,-83.02594879,"3111 Elmwood Street, Detroit, MI 48207, United States of America",1,1,1
Royal Academy of Michigan,82771,34540 W Michigan Ave,Wayne,MI,48184,"34540 W Michigan Ave, Wayne, MI 48184",42.2814258,-83.3791826,"34540 West Michigan Avenue, Wayne, MI 48184, United States of America",1,1,1
Rutherford Winans Academy,82748,16411 Curtis St,Detroit,MI,48235,"16411 Curtis St, Detroit, MI 48235",42.4217676,-83.2098122,"16411 Curtis Street, Detroit, MI 48235, United States of America",1,1,1
Saginaw Academy of Excellence,73901,1300 Malzahn St,Saginaw,MI,48602,"1300 Malzahn St, Saginaw, MI 48602",43.426293,-83.988732,"1300 Malzahn Street, Saginaw, MI 48602, United States of America",1,1,1
Saginaw County Transition Academy,73905,1000 Tuscola St,Saginaw,MI,48607,"1000 Tuscola St, Saginaw, MI 48607",43.433055,-83.930078,"1000 Tuscola Street, Saginaw, MI 48607, United States of America",1,1,1
Saginaw Covenant Academy,73900,508 S Washington Ave,Saginaw,MI,48607,"508 S Washington Ave, Saginaw, MI 48607",43.42831545,-83.94051433,"508 South Washington Avenue, Saginaw, MI 48607, United States of America",1,1,1
Saginaw Learn to Earn Academy,73911,1000 Tuscola St,Saginaw,MI,48607,"1000 Tuscola St, Saginaw, MI 48607",43.433055,-83.930078,"1000 Tuscola Street, Saginaw, MI 48607, United States of America",1,1,1
Saginaw Preparatory Academy,73908,5173 Lodge St,Saginaw,MI,48601,"5173 Lodge St, Saginaw, MI 48601",43.39566535,-83.87839037,"5173 Lodge Street, Buena Vista Charter Township, MI 48601, United States of America",1,1,1
Sankore Marine Immersion HS Academy,82935,3100 E. Jefferson Avenue,Detroit,MI,48207,"3100 E. Jefferson Avenue, Detroit, MI 48207",42.340283,-83.017684,"3100 East Jefferson Avenue, Detroit, MI 48207, United States of America",1,1,1
Schools for the Future Detroit,82715,3550 John C Lodge Fwy,Detroit,MI,48201,"3550 John C Lodge Fwy, Detroit, MI 48201",42.34368935,-83.06853101,"3550 John C Lodge Freeway, Detroit, MI 48201, United States of America",1,1,1
SER YouthBuild Learning Academy,82776,9215 Michigan Ave,Detroit,MI,48210,"5200 #cker St, Detroit, MI 48126",42.327668,-83.154557,"9215 Michigan Ave, Detroit, MI 48210, United States of America",0.63,1,0.63
Shoreline Academy of Business and Trades,51904,772 E. Parkdale Avenue,Manistee,MI,49660,"772 E. Parkdale Avenue, Manistee, MI 49660",44.27003894,-86.28827637,"772 East Parkdale Avenue, Parkdale, MI 49660, United States of America",1,1,1
Sierra Leone Education Outreach Academy,82906,13477 Eureka,Detroit,MI,48212,"13477 Eureka, Detroit, MI 48212",42.416288,-83.056246,"13477 Eureka, Hamtramck, MI 48212, United States of America",1,1,1
Sigma Academy for Leadership and Early Middle College,82770,25 Ford St,Highland Park,MI,48203,"25 Ford St, Highland Park, MI 48203",42.40529255,-83.09847971,"25 Ford Street, Highland Park, MI 48203, United States of America",1,1,1
South Arbor Charter Academy,81905,8200 Carpenter Rd,Ypsilanti,MI,48197,"8200 Carpenter Rd, Ypsilanti, MI 48197",42.1692006,-83.67936888,"8200 Carpenter Road, York Charter Township, MI 48197, United States of America",1,1,1
South Canton Scholars Charter Academy,82729,3085 S Canton Center Rd,Canton,MI,48188,"3085 S Canton Center Rd, Canton, MI 48188",42.28452956,-83.48596863,"3085 South Canton Center Road, Canton Township, MI 48188, United States of America",1,1,1
South Pointe Scholars Charter Academy,81912,10550 Geddes Rd,Ypsilanti,MI,48198,"10550 Geddes Rd, Ypsilanti, MI 48198",42.27665625,-83.55316781,"10550 Geddes Road, Superior Charter Township, MI 48198, United States of America",1,1,1
Southwest Detroit Community School,82755,4001 29th St,Detroit,MI,48210,"4001 29th St, Detroit                                                     , MI 48210",42.33474285,-83.11007972,"4001 29th Street, Detroit, MI 48210, United States of America",1,1,1
St. Clair County Academy of Style,74910,Po Box 1500,Marysville,MI,48040,"Po Box 1500, Marysville, MI 48040",42.9108647,-82.4861734,"Marysville, MI 48040, United States of America",1,1,
St. Clair County Career Prep Academy,74913,499 Range Road,Marysville,MI,48040,"499 Range Road, Marysville, MI 48040",42.917623,-82.501695,"499 Range Road, Marysville, MI 48074, United States of America",1,1,1
St. Clair County Intervention Academy,74911,1170 Michigan Rd,Port Huron,MI,48060,"1170 Michigan Rd, Port Huron, MI 48060",42.94148999,-82.48122027,"1170 Michigan Road, Saint Clair County, MI 48060, United States of America",1,1,1
St. Clair County Learning Academy,74901,1520 Michigan Rd,Port Huron,MI,48060,"1520 Michigan Rd, Port Huron, MI 48060",42.95172494,-82.48177247,"1520 Michigan Road, Tappan, MI 48060, United States of America",1,1,1
Star International Academy,82941,24425 Hass St,Dearborn Heights,MI,48127,"24425 Hass St, Dearborn Heights, MI 48127",42.33404361,-83.27681631,"24425 Hass Street, Dearborn Heights, MI 48127, United States of America",1,1,1
Starr Detroit Academy,82736,19360 Harper Ave,Harper Woods,MI,48225,"19360 Harper Ave, Harper Woods, MI 48225",42.42791518,-82.92551411,"19360 Harper Avenue, Harper Woods, MI 48225, United States of America",1,1,1
State Street Academy,9902,1110 State St,Bay City,MI,48706,"1110 State St, Bay City, MI 48706",43.6166707,-83.8945477,"1110 State Street, Bay City, MI 48706, United States of America",1,1,1
Success Mile Academy,50916,27300 Dequindre Rd,Warren,MI,48092,"27300 Dequindre Rd, Warren, MI 48092",42.49283,-83.085072,"27300 Dequindre Road, Warren, MI 48092, United States of America",1,1,1
Success Virtual Learning Centers of Michigan,59900,7188 Avenue B,Vestaburg,MI,48891,"7188 Avenue B, Vestaburg, MI 48891",43.397251,-84.907631,"7188 B Avenue, Richland, MI 48891, United States of America",0,0.567,
Summit Academy North,82938,18601 Middlebelt Rd,Romulus,MI,48174,"18601 Middlebelt Rd, Romulus, MI 48174",42.16905522,-83.32500207,"18601 Middlebelt Road, Huron Charter Township, MI 48174, United States of America",1,1,1
Sunrise Education Center,35901,686 Aulerich Rd,East Tawas,MI,48730,"686 Aulerich Rd, East Tawas, MI 48730",44.29918402,-83.43406512,"686 Aulerich Road, Baldwin Township, MI 48730, United States of America",1,1,1
Taylor Exemplar Academy,82995,26727 Goddard Rd,Taylor,MI,48180,"26727 Goddard Rd, Taylor, MI 48180",42.22522703,-83.29989218,"26727 Goddard Road, Taylor, MI 48180, United States of America",1,1,1
Taylor International Academy,63925,26555 Franklin Road,Southfield,MI,48034,"26555 Franklin Road, Southfield, MI 48034",42.483529,-83.290759,"26555 Franklin Road, Southfield, MI 48033, United States of America",1,1,1
Taylor Preparatory High School,82756,9540 Telegraph Rd,Taylor,MI,48180,"9540 Telegraph Rd, Taylor, MI 48180",42.23791691,-83.26927422,"9540 Telegraph Road, Taylor, MI 48180, United States of America",1,1,1
The Building Trades School,81914,34705 West 12 Mile Rd,Farmington Hills,MI,48331,"34705 West 12 Mile Rd, Farmington Hills, MI 48331",42.49843012,-83.39000661,"34705 West 12 Mile Road, Farmington Hills, MI 48331, United States of America",1,1,1
The Dearborn Academy,82928,19310 Ford Rd,Dearborn,MI,48128,"19310 Ford Rd, Dearborn, MI 48128",42.32893775,-83.23009065,"19310 Ford Road, Dearborn, MI 48128, United States of America",1,1,1
The Greenspire School  ,28904,1026 Red Dr,Traverse City,MI,49684,"1026 Red Dr, Traverse City, MI 49684",44.75239305,-85.64688717,"Greenspire Middle School, 1026 Red Drive, Traverse City, MI 49684, United States of America",1,1,1
The James and Grace Lee Boggs School,82706,7600 Goethe St,Detroit,MI,48214,"7600 Goethe St, Detroit, MI 48214",42.363642,-83.008118,"7600 Goethe Street, Detroit, MI 48214, United States of America",1,1,1
The New Standard Academy,25912,2040 W Carpenter Rd,Flint,MI,48505,"2040 W Carpenter Rd, Flint, MI 48505",43.07749005,-83.71566432,"The New Standard Academy, 2040 West Carpenter Road, Flint, MI 48505, United States of America",1,1,1
The Paris Academy,25917,10751 S Saginaw St,Grand Blanc,MI,48439,"10751 S Saginaw St, Grand Blanc, MI 48439",42.936433,-83.640121,"10751 South Saginaw Street, Grand Blanc, MI 48439, United States of America",1,1,1
Three Lakes Academy,49901,W17540 Main Street,Curtis,MI,49820,"W17540 Main Street, Curtis, MI 49820",46.2063749,-85.7584018,"Three Lakes Academy, W17540 Main Street, Curtis, MI 49820, United States of America",1,1,1
Three Oaks Public School Academy,61904,1212 Kingsley St,Muskegon,MI,49442,"1212 Kingsley St, Muskegon, MI 49442",43.22851939,-86.22295827,"1212 Kingsley Street, Muskegon, MI 49442, United States of America",1,1,1
Threshold Academy,59901,5827 Orleans Rd,Orleans,MI,48865,"5827 Orleans Rd, Orleans, MI 48865",43.07314991,-85.13537798,"5827 Orleans Road, Orleans, MI 48865, United States of America",1,1,1
Timberland Academy,61902,2574 Mclaughlin Ave,Muskegon,MI,49442,"2574 Mclaughlin Ave, Muskegon, MI 49442",43.23043182,-86.18023821,"2574 McLaughlin Avenue, Muskegon Charter Township, MI 49442, United States of America",1,1,1
Tipton Academy,82754,1615 Belton St,Garden City,MI,48135,"1615 Belton St, Garden City, MI 48135",42.32176146,-83.31387686,"1615 Belton Street, Garden City, MI 48135, United States of America",1,1,1
Traverse City College Preparatory Academy,28903,1402 Carlisle Rd,Traverse City,MI,49686,"1402 Carlisle Rd, Traverse City, MI 49686",44.707076,-85.545027,"1402 Carlisle Road, East Bay Township, MI 49696, United States of America",0.441,0.441,0.441
Tri-Valley Academy of Arts and Academics,61901,2140 Valley Street,Muskegon,MI,49444,"2140 Valley Street, Muskegon, MI 49444",43.21322382,-86.22066559,"2140 Valley Street, Muskegon, MI 49444, United States of America",1,1,1
Trillium Academy,82973,15740 Racho Blvd,Taylor,MI,48180,"15740 Racho Blvd, Taylor, MI 48180",42.191339,-83.250243,"15740 Racho, Taylor, MI 48180, United States of America",0.9,1,0.9
Triumph Academy,58902,3000 Vivian Rd,Monroe,MI,48162,"3000 Vivian Rd, Monroe, MI 48162",41.95107498,-83.36536472,"3000 Vivian Road, Frenchtown Charter Township, MI 48162, United States of America",1,1,1
Universal Academy,82950,4833 Ogden St,Detroit,MI,48210,"4833 Ogden St, Detroit, MI 48210",42.328544,-83.145398,"4833 Ogden Street, Detroit, MI 48210, United States of America",1,1,1
Universal Learning Academy,82982,28015 Joy Rd,Westland,MI,48185,"28015 Joy Rd, Westland, MI 48185",42.35497458,-83.31852708,"28015 Joy Road, Westland, MI 48185, United States of America",1,1,1
University Preparatory Academy,82965,600 Antoinette,Detroit,MI,48202,"600 Antoinette, Detroit, MI 48202",42.362604,-83.073615,"600 Antoinette, Detroit, MI 48202, United States of America",1,1,1
University Preparatory Academy (PSAD),82702,485 W Milwaukee Ave,Detroit,MI,48202,"485 W Milwaukee St, Detroit, MI 48202",42.36815664,-83.07487491,"485 West Milwaukee Ave, Detroit, MI 48202, United States of America",1,1,1
University Preparatory Art & Design,82703,485 W Milwaukee Ave,Detroit,MI,48202,"485 W Milwaukee St, Detroit, MI 48202",42.36815664,-83.07487491,"485 West Milwaukee Ave, Detroit, MI 48202, United States of America",1,1,1
University Preparatory Science and Math (PSAD),82701,5100 John R St,Detroit,MI,48202,"5100 John R St, Detroit, MI 48202",42.35903455,-83.06215875,"University Prep Science & Math Middle School, 5100 John R Street, Detroit, MI 48202, United States of America",1,1,1
University Public School,82901,2727 2nd Avenue,Detroit,MI,48201,"2727 2nd Avenue, Detroit, MI 48201",42.34021086,-83.05950478,"2727 2nd Avenue, Detroit, MI 48201, United States of America",1,1,1
University Yes Academy,82724,14717 Curtis St,Detroit,MI,48235,"14717 Curtis St, Detroit, MI 48235",42.42336345,-83.19130167,"14717 Curtis Street, Detroit, MI 48235, United States of America",1,1,1
University YES Academy East,82740,4401 Conner St,Detroit,MI,48215,"4401 Conner St, Detroit, MI 48215",42.38597884,-82.9697781,"4401 Conner Street, Detroit, MI 48215, United States of America",1,1,1
Uplift Michigan Academy,55900,W526 Division St,Stephenson,MI,49887,"W526 Division St, Stephenson, MI 49887",45.417065,-87.608545,"Division Street, Stephenson, MI 49887, United States of America",0.5,1,1
Vanderbilt Charter Academy,70905,301 W 16th St,Holland,MI,49423,"301 W 16th St, Holland, MI 49423",42.783037,-86.120568,"301 West 16th Street, Holland, MI 49423, United States of America",1,1,1
Vanguard Charter Academy,41910,1620 52nd St Sw,Wyoming,MI,49519,"1620 52nd St Sw, Wyoming, MI 49519",42.86973927,-85.70441642,"1620 52nd Street Southwest, Wyoming, MI 49519, United States of America",1,1,1
Victory Academy Charter School,81907,1715 East Forest Ave,Ypsilanti,MI,48198,"1715 East Forest Ave, Ypsilanti, MI 48198",42.25015907,-83.57638226,"1715 East Forest Avenue, Ypsilanti Charter Township, MI 48198, United States of America",1,1,1
Virtual Learning Academy of St. Clair County,74912,499 Range Road,Marysville,MI,48040,"499 Range Road, Marysville, MI 48040",42.917623,-82.501695,"499 Range Road, Marysville, MI 48074, United States of America",1,1,1
Vista Charter Academy,41909,711 32nd St Se,Grand Rapids,MI,49548,"711 32nd St Se, Grand Rapids, MI 49548",42.90569033,-85.64956573,"711 32nd Street Southeast, Wyoming, MI 49548, United States of America",1,1,1
Vista Meadows Academy,82716,20651 West Warren St,Dearborn Heights,MI,48127,"20651 West Warren St, Dearborn Heights, MI 48127",42.3402474,-83.2438701,"Clara B. Ford Academy, 20651 Whitlock Drive, Dearborn Heights, MI 48127, United States of America",1,1,1
Voyageur Academy,82940,4321 Military St,Detroit,MI,48210,"4321 Military St, Detroit, MI 48210",42.3329363,-83.11860733,"4321 Military Street, Detroit, MI 48210, United States of America",1,1,1
Voyageur Academy,82940,4366 Military St,Detroit,MI,48210,"4366 Military St, Detroit, MI 48210",42.3326358,-83.11981406,"4366 Military Street, Detroit, MI 48210, United States of America",1,1,1
W-A-Y Academy,82746,8701 W Vernor Hwy,Detroit,MI,48209,"8701 W Vernor Hwy, Detroit, MI 48209",42.30906,-83.132825,"8701 West Vernor Highway, Detroit, MI 48209, United States of America",1,1,1
Walden Green Montessori,70901,17339 Roosevelt Rd,Spring Lake,MI,49456,"17339 Roosevelt Rd, Spring Lake, MI 49456",43.08840578,-86.21880504,"17339 Roosevelt Road, Ferrysburg, MI 49456, United States of America",1,1,1
Walker Charter Academy,41915,1801 3 Mile Rd Nw,Grand Rapids,MI,49544,"1801 3 Mile Rd Nw, Grand Rapids, MI 49544",43.015109,-85.715154,"1801 3 Mile Road Northwest, Walker, MI 49544, United States of America",1,1,1
Walter French Academy,33905,1900 S. Cedar Street,Lansing,MI,48910,"1900 S. Cedar Street, Lansing, MI 48910",42.711849,-84.547899,"1900 South Cedar Street, Lansing, MI 48910, United States of America",1,1,1
Walton Charter Academy,63913,744 E Walton Blvd,Pontiac,MI,48340,"744 E Walton Blvd, Pontiac, MI 48340",42.67760242,-83.27238488,"744 East Walton Boulevard, Pontiac, MI 48340, United States of America",1,1,1
Warrendale Charter Academy,82970,19400 Sawyer St,Detroit,MI,48228,"19400 Sawyer St, Detroit, MI 48228",42.346945,-83.230832,"19400 Sawyer Street, Detroit, MI 48228, United States of America",1,1,1
Washington-Parks Academy,82719,11685 Appleton,Redford,MI,48239,"11685 Appleton, Redford, MI 48239",42.37263564,-83.27193621,"11685 Appleton, Redford Township, MI 48239, United States of America",1,1,1
Washtenaw Technical Middle College,81903,4800 E Huron River Dr,Ann Arbor,MI,48105,"4800 E Huron River Dr, Ann Arbor, MI 48105",42.2641155,-83.6649436,"4800 East Huron River Drive, AnnArbor Charter Township, MI 48105, United States of America",1,1,1
Waterford Montessori Academy,63929,4860 Midland Ave,Waterford,MI,48329,"4860 Midland Ave, Waterford, MI 48329",42.69435739,-83.38438835,"4860 Midland Avenue, Waterford Township, MI 48329, United States of America",1,1,1
Wavecrest Career Academy,70907,633 Apple Ave,Holland,MI,49423,"633 Apple Ave, Holland, MI 49423",42.77386967,-86.08992333,"633 Apple Avenue, Holland, MI 49423, United States of America",1,1,1
WAY Academy - Flint,25915,817 E Kearsley St,Flint,MI,48503,"817 E Kearsley St, Flint                                                       , MI 48503",43.02099722,-83.68256398,"817 East Kearsley Street, Flint, MI 48503, United States of America",1,1,1
WAY Michigan,82710,407 E Fort St,Detroit,MI,48226,"407 E Fort St, Detroit, MI 48226",42.3328632,-83.04242857,"407 East Fort Street, Detroit, MI 48226, United States of America",1,1,1
WayPoint Academy,61903,2900 East Apple Ave,Muskegon,MI,49442,"2900 East Apple Ave, Muskegon, MI 49442",43.234312,-86.170884,"2900 East Apple Avenue, Muskegon Charter Township, MI 49442, United States of America",1,1,1
Wellspring Preparatory High School,41923,1031 Page St Ne,Grand Rapids,MI,49505,"1031 Page St Ne, Grand Rapids, MI 49505",42.98661486,-85.64432867,"1031 Page Street Northeast, Grand Rapids, MI 49505, United States of America",1,1,1
West MI Academy for Hospitality Science,41906,1625 Leonard Street Ne,Grand Rapids,MI,49505,"1625 Leonard Street Ne, Grand Rapids, MI 49505",42.984522,-85.627526,"1625 Leonard Street Northeast, Grand Rapids, MI 49505, United States of America",1,1,1
West MI Academy of Arts and Academics,70902,17350 Hazel St,Spring Lake,MI,49456,"17350 Hazel St, Spring Lake, MI 49456",43.086108,-86.212406,"17350 Hazel, Ferrysburg, MI 49456, United States of America",0.9,1,0.9
West MI Academy of Environmental Science,41904,4463 Leonard St Nw,Grand Rapids,MI,49534,"4463 Leonard St Nw, Grand Rapids, MI 49534",42.98694164,-85.77802636,"4463 Leonard Street Northwest, Walker, MI 49534, United States of America",1,1,1
West Michigan Aviation Academy,41924,5363 44th St Se,Grand Rapids,MI,49512,"5363 44th St Se, Grand Rapids, MI 49512",42.88426933,-85.53421643,"5363 44th Street Southeast, Kentwood, MI 49512, United States of America",1,1,1
West Village Academy,82959,3530 Westwood St,Dearborn,MI,48124,"3530 Westwood St, Dearborn, MI 48124",42.28484463,-83.2806019,"3530 Westwood Street, Dearborn, MI 48124, United States of America",1,1,1
Westfield Charter Academy,82766,27201 W Chicago,Redford,MI,48239,"27201 W Chicago, Redford, MI 48239",42.362082,-83.312285,"27201 West Chicago Street, Redford, MI 48239, United States of America",0.7,1,0.7
Weston Preparatory Academy,82943,22930 Chippewa St,Detroit,MI,48219,"22930 Chippewa St, Detroit, MI 48219",42.43871355,-83.26885579,"22930 Chippewa Street, Detroit, MI 48219, United States of America",1,1,1
White Pine Academy,33906,510 Russell St,Leslie,MI,49251,"510 Russell St, Leslie, MI 49251",42.4451047,-84.4281954,"510 Russell Street, Leslie, MI 49251, United States of America",1,1,1
Will Carleton Charter School Academy,30902,2001 W Hallett Rd,Hillsdale,MI,49242,"2001 W Hallett Rd, Hillsdale, MI 49242",41.912706,-84.651112,"2001 West Hallett Road, Hillsdale, MI, United States of America",1,1,1
William C. Abney Academy,41917,1435 Fulton St E,Grand Rapids,MI,49503,"1435 Fulton St E, Grand Rapids, MI 49503",42.96371515,-85.634824,"1435 Fulton Street East, Grand Rapids, MI 49503, United States of America",1,1,1
William C. Abney Academy,41917,256 Alger Street,Grand Rapids,MI,49507,"256 Alger Street, Grand Rapids, MI 49507",42.919797,-85.660094,"256 Alger Street SE, Grand Rapids, MI 49507, United States of America",0.9,1,0.9
Windemere Park Charter Academy,33909,3100 W Saginaw St,Lansing,MI,48917,"3100 W Saginaw St, Lansing, MI 48917",42.741157,-84.592506,"3100 West Saginaw Street, Edgemont Park, MI 48917, United States of America",1,1,1
Windover High School,56901,919 Smith Rd,Midland,MI,48640,"919 Smith Rd, Midland, MI 48640",43.616455,-84.28386138,"919 Smith Road, Midland, MI 48640, United States of America",1,1,1
Wolverine Academy (SDA),82750,2629 Lenox,Detroit,MI,48215,"2629 Lenox, Detroit, MI 48215",42.379422,-82.957626,"2629 Lenox, Detroit, MI 48215, United States of America",1,1,1
Woodland Park Academy,25902,2083 E Grand Blanc Rd,Grand Blanc,MI,48439,"2083 E Grand Blanc Rd, Grand Blanc, MI 48439",42.91524671,-83.66877098,"2083 East Grand Blanc Road, Genesee County, MI 48439, United States of America",1,1,1
Woodland School,28901,7224 Supply Rd,Traverse City,MI,49686,"7224 Supply Rd, Traverse City, MI 49686",44.68979425,-85.42861953,"Woodland School, 7224 Supply Road, Traverse City, MI 49686, United States of America",1,1,1
Woodmont Academy,63919,25175 Code Rd,Southfield,MI,48033,"25175 Code Rd, Southfield, MI 48033",42.47416543,-83.2656244,"25175 Code Road, Southfield, MI 48033, United States of America",1,1,1
Woodward Academy,82913,951 East Lafayette St,Detroit,MI,48207,"951 East Lafayette St, Detroit, MI 48207",42.33587608,-83.03704646,"951 East Lafayette Street, Detroit, MI 48207, United States of America",1,1,1
WSC Academy,81911,855 Jefferson St,Ypsilanti,MI,48197,"855 Jefferson St, Ypsilanti, MI 48197",42.22898416,-83.6208961,"855 Jefferson Street, Ypsilanti, MI 48197, United States of America",1,1,1
Youth Advancement Academy,39906,6750 Chime St,Kalamazoo,MI,49009,"6750 Chime St, Kalamazoo, MI 49009",42.25622434,-85.67923197,"6750 Chime Street, Oshtemo Charter Township, MI 49009, United States of America",1,1,1
Bay City School District,9010,,  ,,,,43.60701,-83.90953,"601 Blend St, Bay City, MI 48706", ,,
Discovery Enrichment Center,9893,, ,,,,42.10991,-86.43969,"465 S McCord St, Benton Harbor, MI 49022", ,,
Godwin Heights Early Childhood Center,4196,, ,,,,42.88806,-85.66299,"28 Bellevue St SE, Wyoming, MI 49548", ,,
Heritage Southwest ISD,14,, ,,,,41.9025,-86.08761,"61682 Dailey Rd, Cassopolis, MI 49031", ,,
Kentwood Public Schools,41160,, ,,,,42.85841,-85.6435,"5820 Eastern Ave SE Grand Rapids, MI 49508", ,,
Louise Peacock School,1981,, ,,,,42.98095,-84.10957,"485 E McArthur St, Corunna, MI 48817", ,,
Monroe ISD,58,, ,,,,41.92378,-83.46742,"1101 S Raisinville Rd, Monroe, MI 48161", ,,
Shelby Early Childhood Center,64080,, ,,,,43.61594,-86.36823,"155 6th StreetShelby, MI 49455", ,,
South Godwin School,41M000085,, ,,,,42.88806,-85.66299,"28 Bellevue St SE, Grand Rapids, MI 49548", ,,
West Branch-Rose City Area Schools,65045,, ,,,,44.30707,-84.12581,"960 S M 33 West Branch, MI 48661", ,,
West Ottawa Public School District,70070,, ,,,,42.83176,-86.11778,"1138 136th Ave Holland, MI 49424", ,,
Wyandotte Public Schools Early Childhood Center,2754,,  ,,,,42.20722,-83.1651,"2609 10th St, Wyandotte, MI 48192", ,,
,,,,,,, ,,, ,,